"","Session_ID","Video_ID","Colour_code","State","Condition","Bird_desc","Sat_ID","Fm_ID","Time","Date","Date2","Week","Combo_lek_week","Combo_lek","Female_max_id","Total_visit_nr_all_females","Visit_occurrence","Total_visit_duration_all_females","Total_nr_display","Display_percentage","Female_cop_max_id","Female_cop_succ_max_id","Interrupted_copulations_nr_OtherR","Interrupted_copulations_nr_OtherS","Interrupted_copulations_nr_PartnerR","Interrupted_copulations_nr_PartnerS","Successful_copulations_nr","Interrupted_total","rep","Total","Female_mount_max_id","Mount_nr","Female_max_crouching_id","Crouching_nr","Copulation_attempt","Copulation_nr","Copulation_occurrence_successful","Copulation_occurrence","Total_successful_copulations","Total_copulation_nr","Total_copulation_occurrence","Total_nr_display_30","Visits_longest_s","Lek_hierarchy","Co.display_total_nr_session","Co.display_total_duration_s_session","Co.display_duration_mean_s_session","Co.display_duration_std_dev_session","Single_display_total_nr_session","Single_display_total_duration_s_session","Single_display_duration_mean_s_session","Single_display_duration_std_dev_session","Single_display_to_female_total_nr_session","Single_display_to_female_total_duration_s_session","Single_display_to_female_duration_mean_s_session","Single_display_to_female_duration_std_dev_session","Single_display_to_satellite_total_nr_session","Single_display_to_satellite_total_duration_s_session","Single_display_to_satellite_duration_mean_s_session","Single_display_to_satellite_duration_std_dev_session","Single_display_to_both_total_nr_session","Single_display_to_both_total_duration_s_session","Single_display_to_both_duration_mean_s_session","Single_display_to_both_duration_std_dev_session","Paired_state_total_nr_session","Paired_state_total_duration_s_session","Paired_state_duration_mean_s_session","Paired_state_duration_std_dev_session","Lek_codisplay_nr","Lek_codisplay_dur_s","Lek_codisplay_occ","Cop_session"
"1","506_Fm1_a_Marginal","Lek2_2021_506_a","DbLb|LbY","Unpaired","Marginal","black/red face",NA,"Fm1","a",506,1,"3","3_Lek2_3","3_Lek2",0,0,0,0,5,83.3,0,0,0,0,0,0,0,0,0,0,0,0,0,0,0,0,0,0,0,0,0,3,0,1,NA,NA,NA,NA,NA,NA,NA,NA,NA,NA,NA,NA,NA,NA,NA,NA,NA,NA,NA,NA,NA,NA,NA,NA,0,0,0,0
"2","506_Fm1_a_Marginal","Lek2_2021_506_a","GLb|GY","Unpaired","Marginal","brown black",NA,"Fm1","a",506,1,"3","3_Lek2_3","3_Lek2",0,0,0,0,0,0,0,0,0,0,0,0,0,0,0,0,0,0,0,0,0,0,0,0,0,0,0,NA,0,3,NA,NA,NA,NA,7,451,64.4,45.91,7,450.791,64.4,45.91,NA,NA,NA,NA,NA,NA,NA,NA,NA,NA,NA,NA,0,0,0,0
"3","506_Fm1_a_Marginal","Lek2_2021_506_a","ODb|YG","Unpaired","Marginal","Black/w spots",NA,"Fm1","a",506,1,"3","3_Lek2_3","3_Lek2",0,0,0,0,1,16.7,0,0,0,0,0,0,0,0,0,0,0,0,0,0,0,0,0,0,0,0,0,1,0,2,NA,NA,NA,NA,NA,NA,NA,NA,NA,NA,NA,NA,NA,NA,NA,NA,NA,NA,NA,NA,NA,NA,NA,NA,0,0,0,0
"4","506_Fm1_m_Satellite","Lek1_2021_506_m","DbLb|DbP","Paired","Satellite","black/beige",NA,"Fm1","m",506,1,"3","3_Lek1_3","3_Lek1",1,1,1,5.814,0,0,0,0,0,0,0,0,0,0,0,0,0,0,0,0,0,0,0,0,NA,NA,NA,NA,5.8,1,4,64,16,10.55,NA,NA,NA,NA,NA,NA,NA,NA,NA,NA,NA,NA,NA,NA,NA,NA,NA,NA,NA,NA,NA,NA,NA,0
"5","506_Fm1_m_Satellite","Lek1_2021_506_m","DbLb|DbP","Unpaired","Satellite","black/beige",NA,"Fm1","m",506,1,"3","3_Lek1_3","3_Lek1",0,0,0,0,3,50,0,0,0,0,0,0,0,0,0,0,0,0,0,0,0,0,0,0,0,0,0,2,0,1,NA,NA,NA,NA,NA,NA,NA,NA,NA,NA,NA,NA,NA,NA,NA,NA,NA,NA,NA,NA,NA,NA,NA,NA,0,0,0,0
"6","506_Fm1_m_Satellite","Lek1_2021_506_m","GO|LbY","Paired","Satellite","Grey Tiger",NA,"Fm1","m",506,1,"3","3_Lek1_3","3_Lek1",1,7,1,50.441,3,50,0,0,0,0,0,0,0,0,0,0,0,0,0,0,0,0,0,0,NA,NA,NA,2,15,3,48,779,16,12.69,10,174,13.47,16.93,10,174.496,13.47,16.93,NA,NA,NA,NA,NA,NA,NA,NA,6,1067.605,203.73,62.7,NA,NA,NA,0
"7","506_Fm1_m_Satellite","Lek1_2021_506_m","GO|LbY","Unpaired","Satellite","Grey Tiger",NA,"Fm1","m",506,1,"3","3_Lek1_3","3_Lek1",0,0,0,0,3,50,0,0,0,0,0,0,0,0,0,0,0,0,0,0,0,0,0,0,0,0,0,1,0,3,NA,NA,NA,NA,35,640,15.1466666666667,13.01,23,563.358,23.71,22.18,11,59.835,5.39,3.84,1,16.338,16.34,NA,NA,NA,NA,NA,0,0,0,0
"8","506_Fm1_m_Satellite","Lek1_2021_506_m","RG|LbDb","Paired","Satellite","white",NA,"Fm1","m",506,1,"3","3_Lek1_3","3_Lek1",0,0,0,0,0,0,0,0,0,0,0,0,0,0,0,0,0,0,0,0,0,0,0,0,NA,NA,NA,NA,0,2,NA,NA,NA,NA,NA,NA,NA,NA,NA,NA,NA,NA,NA,NA,NA,NA,NA,NA,NA,NA,NA,NA,NA,NA,NA,NA,NA,0
"9","506_Fm1_m_Satellite","Lek1_2021_506_m","RG|LbDb","Unpaired","Satellite","white",NA,"Fm1","m",506,1,"3","3_Lek1_3","3_Lek1",0,0,0,0,1,16.7,0,0,0,0,0,0,0,0,0,0,0,0,0,0,0,0,0,0,0,0,0,1,0,2,NA,NA,NA,NA,NA,NA,NA,NA,NA,NA,NA,NA,NA,NA,NA,NA,NA,NA,NA,NA,NA,NA,NA,NA,0,0,0,0
"10","506_Fm2_a_Satellite","Lek3_2021_506_a","ODb|YDb","Paired","Satellite","Black/gray",NA,"Fm2","a",506,1,"3","3_Lek3_3","3_Lek3",0,0,0,0,0,0,0,0,0,0,0,0,0,0,0,0,0,0,0,0,0,0,0,0,NA,NA,NA,NA,0,3,NA,NA,NA,NA,NA,NA,NA,NA,NA,NA,NA,NA,NA,NA,NA,NA,NA,NA,NA,NA,NA,NA,NA,NA,NA,NA,NA,0
"11","506_Fm2_a_Satellite","Lek3_2021_506_a","ODb|YDb","Unpaired","Satellite","Black/gray",NA,"Fm2","a",506,1,"3","3_Lek3_3","3_Lek3",0,0,0,0,3,50,0,0,0,0,0,0,0,0,0,0,0,0,0,0,0,0,0,0,0,0,0,1,0,3,NA,NA,NA,NA,NA,NA,NA,NA,NA,NA,NA,NA,NA,NA,NA,NA,NA,NA,NA,NA,NA,NA,NA,NA,0,0,0,0
"12","506_Fm2_a_Satellite","Lek3_2021_506_a","XO|XX","Paired","Satellite","black/grey/beige",NA,"Fm2","a",506,1,"3","3_Lek3_3","3_Lek3",0,0,0,0,0,0,0,0,0,0,0,0,0,0,0,0,0,0,0,0,0,0,0,0,NA,NA,NA,NA,0,2,NA,NA,NA,NA,NA,NA,NA,NA,NA,NA,NA,NA,NA,NA,NA,NA,NA,NA,NA,NA,NA,NA,NA,NA,NA,NA,NA,0
"13","506_Fm2_a_Satellite","Lek3_2021_506_a","XO|XX","Unpaired","Satellite","black/grey/beige",NA,"Fm2","a",506,1,"3","3_Lek3_3","3_Lek3",0,0,0,0,0,0,0,0,0,0,0,0,0,0,0,0,0,0,0,0,0,0,0,0,0,0,0,NA,0,2,NA,NA,NA,NA,NA,NA,NA,NA,NA,NA,NA,NA,NA,NA,NA,NA,NA,NA,NA,NA,NA,NA,NA,NA,0,0,0,0
"14","506_Fm2_a_Satellite","Lek3_2021_506_a","YO|OO","Paired","Satellite","Black",NA,"Fm2","a",506,1,"3","3_Lek3_3","3_Lek3",0,0,0,0,2,33.3,0,0,0,0,0,0,0,0,0,0,0,0,0,0,0,0,0,0,NA,NA,NA,2,0,1,14,266,17,12.6,3,40,13.24,9.46,3,39.732,13.24,9.46,NA,NA,NA,NA,NA,NA,NA,NA,7,356.589,52.77,34.03,NA,NA,NA,0
"15","506_Fm2_a_Satellite","Lek3_2021_506_a","YO|OO","Unpaired","Satellite","Black",NA,"Fm2","a",506,1,"3","3_Lek3_3","3_Lek3",0,0,0,0,2,33.3,0,0,0,0,0,0,0,0,0,0,0,0,0,0,0,0,0,0,0,0,0,1,0,1,NA,NA,NA,NA,39,816,23.5,23.3,18,573.432,30.33,28.39,19,201.768,19.78,18.21,2,40.784,20.39,NA,NA,NA,NA,NA,0,0,0,0
"16","506_Fm2_m_Marginal","Lek4_2021_506_m","DbLb|OY","Unpaired","Marginal","Brown/white",NA,"Fm2","m",506,1,"3","3_Lek4_3","3_Lek4",0,0,0,0,4,66.7,0,0,0,0,0,0,0,0,0,0,0,0,0,0,0,0,0,0,0,0,0,1,0,3,NA,NA,NA,NA,NA,NA,NA,NA,NA,NA,NA,NA,NA,NA,NA,NA,NA,NA,NA,NA,NA,NA,NA,NA,0,0,0,0
"17","506_Fm2_m_Marginal","Lek4_2021_506_m","DbLb|RLb","Unpaired","Marginal","White/black",NA,"Fm2","m",506,1,"3","3_Lek4_3","3_Lek4",0,0,0,0,5,83.3,0,0,0,0,0,0,0,0,0,0,0,0,0,0,0,0,0,0,0,0,0,3,0,1,NA,NA,NA,NA,NA,NA,NA,NA,NA,NA,NA,NA,NA,NA,NA,NA,NA,NA,NA,NA,NA,NA,NA,NA,0,0,0,0
"18","506_Fm2_m_Marginal","Lek4_2021_506_m","YO|OLB","Unpaired","Marginal","black/beige",NA,"Fm2","m",506,1,"3","3_Lek4_3","3_Lek4",0,0,0,0,6,100,0,0,0,0,0,0,0,0,0,0,0,0,0,0,0,0,0,0,0,0,0,3,0,2,NA,NA,NA,NA,NA,NA,NA,NA,NA,NA,NA,NA,NA,NA,NA,NA,NA,NA,NA,NA,NA,NA,NA,NA,0,0,0,0
"19","507_Fm1_a_Satellite","Lek1_2021_507_a","DbLb|DbP","Paired","Satellite","black/beige",NA,"Fm1","a",507,2,"3","3_Lek1_3","3_Lek1",0,0,0,0,0,0,0,0,0,0,0,0,0,0,0,0,0,0,0,0,0,0,0,0,NA,NA,NA,NA,0,1,NA,NA,NA,NA,NA,NA,NA,NA,NA,NA,NA,NA,NA,NA,NA,NA,NA,NA,NA,NA,NA,NA,NA,NA,NA,NA,NA,0
"20","507_Fm1_a_Satellite","Lek1_2021_507_a","DbLb|DbP","Unpaired","Satellite","black/beige",NA,"Fm1","a",507,2,"3","3_Lek1_3","3_Lek1",0,0,0,0,2,33.3,0,0,0,0,0,0,0,0,0,0,0,0,0,0,0,0,0,0,0,0,0,1,0,1,NA,NA,NA,NA,NA,NA,NA,NA,NA,NA,NA,NA,NA,NA,NA,NA,NA,NA,NA,NA,NA,NA,NA,NA,0,0,0,0
"21","507_Fm1_a_Satellite","Lek1_2021_507_a","GO|LbY","Paired","Satellite","Grey Tiger",NA,"Fm1","a",507,2,"3","3_Lek1_3","3_Lek1",0,0,0,0,2,33.3,0,0,0,0,0,0,0,0,0,0,0,0,0,0,0,0,0,0,NA,NA,NA,2,0,2,22,328,8,24.02,3,186,56.61,4.77,2,144.75,72.38,4.77,NA,NA,NA,NA,1,40.842,40.84,NA,7,614.824,91.55,117.44,NA,NA,NA,0
"22","507_Fm1_a_Satellite","Lek1_2021_507_a","GO|LbY","Unpaired","Satellite","Grey Tiger",NA,"Fm1","a",507,2,"3","3_Lek1_3","3_Lek1",0,0,0,0,3,50,0,0,0,0,0,0,0,0,0,0,0,0,0,0,0,0,0,0,0,0,0,1,0,2,NA,NA,NA,NA,33,1014,21.8566666666667,15.1933333333333,25,874.822,29.2,27,3,63.748,21.25,5.16,5,74.995,15.12,13.42,NA,NA,NA,NA,5,148.123,1,0
"23","507_Fm1_a_Satellite","Lek1_2021_507_a","RG|LbDb","Paired","Satellite","white",NA,"Fm1","a",507,2,"3","3_Lek1_3","3_Lek1",0,0,0,0,0,0,0,0,0,0,0,0,0,0,0,0,0,0,0,0,0,0,0,0,NA,NA,NA,NA,0,3,NA,NA,NA,NA,NA,NA,NA,NA,NA,NA,NA,NA,NA,NA,NA,NA,NA,NA,NA,NA,NA,NA,NA,NA,NA,NA,NA,0
"24","507_Fm1_a_Satellite","Lek1_2021_507_a","RG|LbDb","Unpaired","Satellite","white",NA,"Fm1","a",507,2,"3","3_Lek1_3","3_Lek1",0,0,0,0,0,0,0,0,0,0,0,0,0,0,0,0,0,0,0,0,0,0,0,0,0,0,0,NA,0,3,NA,NA,NA,NA,NA,NA,NA,NA,NA,NA,NA,NA,NA,NA,NA,NA,NA,NA,NA,NA,NA,NA,NA,NA,0,0,0,0
"25","507_Fm1_m_Marginal","Lek2_2021_507_m","DbLb|LbY","Unpaired","Marginal","black/red face",NA,"Fm1","m",507,2,"3","3_Lek2_3","3_Lek2",0,0,0,0,6,100,0,0,0,0,0,0,0,0,0,0,0,0,0,0,0,0,0,0,0,0,0,3,0,3,NA,NA,NA,NA,NA,NA,NA,NA,NA,NA,NA,NA,NA,NA,NA,NA,NA,NA,NA,NA,NA,NA,NA,NA,0,0,0,0
"26","507_Fm1_m_Marginal","Lek2_2021_507_m","GLb|GY","Unpaired","Marginal","brown black",NA,"Fm1","m",507,2,"3","3_Lek2_3","3_Lek2",0,0,0,0,0,0,0,0,0,0,0,0,0,0,0,0,0,0,0,0,0,0,0,0,0,0,0,NA,0,1,NA,NA,NA,NA,5,1602,320.39,333.69,5,1601.947,320.39,333.69,NA,NA,NA,NA,NA,NA,NA,NA,NA,NA,NA,NA,0,0,0,0
"27","507_Fm1_m_Marginal","Lek2_2021_507_m","ODb|YG","Unpaired","Marginal","Black/w spots",NA,"Fm1","m",507,2,"3","3_Lek2_3","3_Lek2",0,0,0,0,0,0,0,0,0,0,0,0,0,0,0,0,0,0,0,0,0,0,0,0,0,0,0,NA,0,2,NA,NA,NA,NA,NA,NA,NA,NA,NA,NA,NA,NA,NA,NA,NA,NA,NA,NA,NA,NA,NA,NA,NA,NA,0,0,0,0
"28","507_Fm2_a_Marginal","Lek4_2021_507_a","DbLb|OY","Unpaired","Marginal","Brown/white",NA,"Fm2","a",507,2,"3","3_Lek4_3","3_Lek4",0,0,0,0,5,83.3,0,0,0,0,0,0,0,0,0,0,0,0,0,0,0,0,0,0,0,0,0,1,0,2,NA,NA,NA,NA,NA,NA,NA,NA,NA,NA,NA,NA,NA,NA,NA,NA,NA,NA,NA,NA,NA,NA,NA,NA,0,0,0,0
"29","507_Fm2_a_Marginal","Lek4_2021_507_a","DbLb|RLb","Unpaired","Marginal","White/black",NA,"Fm2","a",507,2,"3","3_Lek4_3","3_Lek4",0,0,0,0,2,33.3,0,0,0,0,0,0,0,0,0,0,0,0,0,0,0,0,0,0,0,0,0,2,0,3,NA,NA,NA,NA,NA,NA,NA,NA,NA,NA,NA,NA,NA,NA,NA,NA,NA,NA,NA,NA,NA,NA,NA,NA,0,0,0,0
"30","507_Fm2_a_Marginal","Lek4_2021_507_a","YO|OLB","Unpaired","Marginal","black/beige",NA,"Fm2","a",507,2,"3","3_Lek4_3","3_Lek4",0,0,0,0,6,100,0,0,0,0,0,0,0,0,0,0,0,0,0,0,0,0,0,0,0,0,0,3,0,1,NA,NA,NA,NA,38,1663,35.86,34.05,38,1662.789,35.86,34.05,NA,NA,NA,NA,NA,NA,NA,NA,NA,NA,NA,NA,0,0,0,0
"31","507_Fm2_m_Satellite","Lek3_2021_507_m","ODb|YDb","Paired","Satellite","Black/gray",NA,"Fm2","m",507,2,"3","3_Lek3_3","3_Lek3",1,3,1,134.749,3,50,0,0,0,0,0,0,0,0,0,0,0,0,0,0,0,0,0,0,NA,NA,NA,2,80.5,3,34,996,32,30.83,5,81,12.68,18.39,4,74.44,18.61,18.39,1,6.748,6.75,NA,NA,NA,NA,NA,3,1145.485,381.83,NA,NA,NA,NA,0
"32","507_Fm2_m_Satellite","Lek3_2021_507_m","ODb|YDb","Unpaired","Satellite","Black/gray",NA,"Fm2","m",507,2,"3","3_Lek3_3","3_Lek3",0,0,0,0,2,33.3,0,0,0,0,0,0,0,0,0,0,0,0,0,0,0,0,0,0,0,0,0,1,0,3,NA,NA,NA,NA,22,531,21.105,15.39,16,478.261,34.76,22.12,6,52.741,7.45,8.66,NA,NA,NA,NA,NA,NA,NA,NA,0,0,0,0
"33","507_Fm2_m_Satellite","Lek3_2021_507_m","XO|XX","Paired","Satellite","black/grey/beige",NA,"Fm2","m",507,2,"3","3_Lek3_3","3_Lek3",0,0,0,0,0,0,0,0,0,0,0,0,0,0,0,0,0,0,0,0,0,0,0,0,NA,NA,NA,NA,0,1,1,23,23,NA,NA,NA,NA,NA,NA,NA,NA,NA,NA,NA,NA,NA,NA,NA,NA,NA,NA,NA,NA,NA,NA,NA,NA,0
"34","507_Fm2_m_Satellite","Lek3_2021_507_m","XO|XX","Unpaired","Satellite","black/grey/beige",NA,"Fm2","m",507,2,"3","3_Lek3_3","3_Lek3",0,0,0,0,0,0,0,0,0,0,0,0,0,0,0,0,0,0,0,0,0,0,0,0,0,0,0,NA,0,1,NA,NA,NA,NA,2,168,84.06,NA,NA,NA,NA,NA,2,168.125,84.06,NA,NA,NA,NA,NA,NA,NA,NA,NA,0,0,0,0
"35","507_Fm2_m_Satellite","Lek3_2021_507_m","YO|OO","Paired","Satellite","Black",NA,"Fm2","m",507,2,"3","3_Lek3_3","3_Lek3",0,0,0,0,1,16.7,0,0,0,0,0,0,0,0,0,0,0,0,0,0,0,0,0,0,NA,NA,NA,NA,0,2,2,30,15,8.16,NA,NA,NA,NA,NA,NA,NA,NA,NA,NA,NA,NA,NA,NA,NA,NA,NA,NA,NA,NA,NA,NA,NA,0
"36","507_Fm2_m_Satellite","Lek3_2021_507_m","YO|OO","Unpaired","Satellite","Black",NA,"Fm2","m",507,2,"3","3_Lek3_3","3_Lek3",0,0,0,0,2,33.3,0,0,0,0,0,0,0,0,0,0,0,0,0,0,0,0,0,0,0,0,0,1,0,2,NA,NA,NA,NA,2,68,34.04,40.72,NA,NA,NA,NA,2,68.078,34.04,40.72,NA,NA,NA,NA,NA,NA,NA,NA,0,0,0,0
"37","508_Fm1_m_Satellite","Lek1_2021_508_m","DbLb|DbP","Paired","Satellite","black/beige",NA,"Fm1","m",508,3,"3","3_Lek1_3","3_Lek1",0,0,0,0,0,0,0,0,0,0,0,0,0,0,0,0,0,0,0,0,0,0,0,0,NA,NA,NA,NA,0,1,NA,NA,NA,NA,NA,NA,NA,NA,NA,NA,NA,NA,NA,NA,NA,NA,NA,NA,NA,NA,NA,NA,NA,NA,NA,NA,NA,0
"38","508_Fm1_m_Satellite","Lek1_2021_508_m","DbLb|DbP","Unpaired","Satellite","black/beige",NA,"Fm1","m",508,3,"3","3_Lek1_3","3_Lek1",0,0,0,0,4,66.7,0,0,0,0,0,0,0,0,0,0,0,0,0,0,0,0,0,0,0,0,0,1,0,1,NA,NA,NA,NA,NA,NA,NA,NA,NA,NA,NA,NA,NA,NA,NA,NA,NA,NA,NA,NA,NA,NA,NA,NA,0,0,0,0
"39","508_Fm1_m_Satellite","Lek1_2021_508_m","GO|LbY","Paired","Satellite","Grey Tiger",NA,"Fm1","m",508,3,"3","3_Lek1_3","3_Lek1",0,0,0,0,3,50,0,0,0,0,0,0,0,0,0,0,0,0,0,0,0,0,0,0,NA,NA,NA,3,0,2,8,72,8,3.27,NA,NA,NA,NA,NA,NA,NA,NA,NA,NA,NA,NA,NA,NA,NA,NA,6,91.59,14.35,1,NA,NA,NA,0
"40","508_Fm1_m_Satellite","Lek1_2021_508_m","GO|LbY","Unpaired","Satellite","Grey Tiger",NA,"Fm1","m",508,3,"3","3_Lek1_3","3_Lek1",0,0,0,0,3,50,0,0,0,0,0,0,0,0,0,0,0,0,0,0,0,0,0,0,0,0,0,NA,0,2,1,38,38,NA,43,1620,46.05,28.5,23,690.43,25.01,23.45,16,656.514,44.91,46.27,4,272.919,68.23,15.78,1,39.329,39.33,NA,0,0,0,0
"41","508_Fm1_m_Satellite","Lek1_2021_508_m","RG|LbDb","Paired","Satellite","white",NA,"Fm1","m",508,3,"3","3_Lek1_3","3_Lek1",0,0,0,0,0,0,0,0,0,0,0,0,0,0,0,0,0,0,0,0,0,0,0,0,NA,NA,NA,NA,0,3,NA,NA,NA,NA,NA,NA,NA,NA,NA,NA,NA,NA,NA,NA,NA,NA,NA,NA,NA,NA,NA,NA,NA,NA,NA,NA,NA,0
"42","508_Fm1_m_Satellite","Lek1_2021_508_m","RG|LbDb","Unpaired","Satellite","white",NA,"Fm1","m",508,3,"3","3_Lek1_3","3_Lek1",0,0,0,0,0,0,0,0,0,0,0,0,0,0,0,0,0,0,0,0,0,0,0,0,0,0,0,NA,0,3,NA,NA,NA,NA,NA,NA,NA,NA,NA,NA,NA,NA,NA,NA,NA,NA,NA,NA,NA,NA,NA,NA,NA,NA,0,0,0,0
"43","508_Fm2_m_Marginal","Lek4_2021_508_m","DbLb|OY","Unpaired","Marginal","Brown/white",NA,"Fm2","m",508,3,"3","3_Lek4_3","3_Lek4",0,0,0,0,3,50,0,0,0,0,0,0,0,0,0,0,0,0,0,0,0,0,0,0,0,0,0,1,0,2,NA,NA,NA,NA,NA,NA,NA,NA,NA,NA,NA,NA,NA,NA,NA,NA,NA,NA,NA,NA,NA,NA,NA,NA,0,0,0,0
"44","508_Fm2_m_Marginal","Lek4_2021_508_m","DbLb|RLb","Unpaired","Marginal","White/black",NA,"Fm2","m",508,3,"3","3_Lek4_3","3_Lek4",0,0,0,0,0,0,0,0,0,0,0,0,0,0,0,0,0,0,0,0,0,0,0,0,0,0,0,NA,0,1,NA,NA,NA,NA,NA,NA,NA,NA,NA,NA,NA,NA,NA,NA,NA,NA,NA,NA,NA,NA,NA,NA,NA,NA,0,0,0,0
"45","508_Fm2_m_Marginal","Lek4_2021_508_m","YO|OLB","Unpaired","Marginal","black/beige",NA,"Fm2","m",508,3,"3","3_Lek4_3","3_Lek4",0,0,0,0,6,100,0,0,0,0,0,0,0,0,0,0,0,0,0,0,0,0,0,0,0,0,0,3,0,3,NA,NA,NA,NA,86,1707,19.85,22.19,86,1706.909,19.85,22.19,NA,NA,NA,NA,NA,NA,NA,NA,NA,NA,NA,NA,0,0,0,0
"46","509_Fm1_a_Marginal","Lek1_2021_509_a","DbLb|DbP","Unpaired","Marginal","black/beige",NA,"Fm1","a",509,4,"3","3_Lek1_3","3_Lek1",0,0,0,0,5,83.3,0,0,0,0,0,0,0,0,0,0,0,0,0,0,0,0,0,0,0,0,0,3,0,3,NA,NA,NA,NA,NA,NA,NA,NA,NA,NA,NA,NA,NA,NA,NA,NA,NA,NA,NA,NA,NA,NA,NA,NA,0,0,0,0
"47","509_Fm1_a_Marginal","Lek1_2021_509_a","GO|LbY","Unpaired","Marginal","Grey Tiger",NA,"Fm1","a",509,4,"3","3_Lek1_3","3_Lek1",0,0,0,0,5,83.3,0,0,0,0,0,0,0,0,0,0,0,0,0,0,0,0,0,0,0,0,0,3,0,1,NA,NA,NA,NA,26,1748,53.6,42.01,26,1747.986,53.6,42.01,NA,NA,NA,NA,NA,NA,NA,NA,NA,NA,NA,NA,0,0,0,0
"48","509_Fm1_a_Marginal","Lek1_2021_509_a","RG|LbDb","Unpaired","Marginal","white",NA,"Fm1","a",509,4,"3","3_Lek1_3","3_Lek1",0,0,0,0,0,0,0,0,0,0,0,0,0,0,0,0,0,0,0,0,0,0,0,0,0,0,0,NA,0,2,NA,NA,NA,NA,NA,NA,NA,NA,NA,NA,NA,NA,NA,NA,NA,NA,NA,NA,NA,NA,NA,NA,NA,NA,0,0,0,0
"49","509_Fm1_m_Satellite","Lek2_2021_509_m","DbLb|LbY","Paired","Satellite","black/red face",NA,"Fm1","m",509,4,"3","3_Lek2_3","3_Lek2",0,0,0,0,0,0,0,0,0,0,0,0,0,0,0,0,0,0,0,0,0,0,0,0,NA,NA,NA,NA,0,2,NA,NA,NA,NA,NA,NA,NA,NA,NA,NA,NA,NA,NA,NA,NA,NA,NA,NA,NA,NA,NA,NA,NA,NA,NA,NA,NA,0
"50","509_Fm1_m_Satellite","Lek2_2021_509_m","DbLb|LbY","Unpaired","Satellite","black/red face",NA,"Fm1","m",509,4,"3","3_Lek2_3","3_Lek2",0,0,0,0,6,100,0,0,0,0,0,0,0,0,0,0,0,0,0,0,0,0,0,0,0,0,0,3,0,2,NA,NA,NA,NA,NA,NA,NA,NA,NA,NA,NA,NA,NA,NA,NA,NA,NA,NA,NA,NA,NA,NA,NA,NA,0,0,0,0
"51","509_Fm1_m_Satellite","Lek2_2021_509_m","GLb|GY","Paired","Satellite","brown black",NA,"Fm1","m",509,4,"3","3_Lek2_3","3_Lek2",0,0,0,0,3,50,0,0,0,0,0,0,0,0,0,0,0,0,0,0,0,0,0,0,NA,NA,NA,2,0,1,10,738,71,69.58,3,20,6.75,3.03,3,20.247,6.75,3.03,NA,NA,NA,NA,NA,NA,NA,NA,4,1031.107,350.02,27.14,NA,NA,NA,0
"52","509_Fm1_m_Satellite","Lek2_2021_509_m","GLb|GY","Unpaired","Satellite","brown black",NA,"Fm1","m",509,4,"3","3_Lek2_3","3_Lek2",0,0,0,0,2,33.3,0,0,0,0,0,0,0,0,0,0,0,0,0,0,0,0,0,0,0,0,0,NA,0,1,NA,NA,NA,NA,6,334,41.945,22.13,NA,NA,NA,NA,4,270.17,51.76,28.84,2,64.269,32.13,15.42,NA,NA,NA,NA,0,0,0,0
"53","509_Fm1_m_Satellite","Lek2_2021_509_m","ODb|YG","Paired","Satellite","Black/w spots",NA,"Fm1","m",509,4,"3","3_Lek2_3","3_Lek2",0,0,0,0,0,0,0,0,0,0,0,0,0,0,0,0,0,0,0,0,0,0,0,0,NA,NA,NA,NA,0,3,NA,NA,NA,NA,NA,NA,NA,NA,NA,NA,NA,NA,NA,NA,NA,NA,NA,NA,NA,NA,NA,NA,NA,NA,NA,NA,NA,0
"54","509_Fm1_m_Satellite","Lek2_2021_509_m","ODb|YG","Unpaired","Satellite","Black/w spots",NA,"Fm1","m",509,4,"3","3_Lek2_3","3_Lek2",0,0,0,0,0,0,0,0,0,0,0,0,0,0,0,0,0,0,0,0,0,0,0,0,0,0,0,NA,0,3,NA,NA,NA,NA,10,377,37.9133333333333,19.11,3,86.373,35.97,4.16,6,244.703,32.27,34.06,1,45.498,45.5,NA,NA,NA,NA,NA,0,0,0,0
"55","509_Fm2_a_Satellite","Lek4_2021_509_a","DbLb|OY","Paired","Satellite","Brown/white",NA,"Fm2","a",509,4,"3","3_Lek4_3","3_Lek4",0,0,0,0,0,0,0,0,0,0,0,0,0,0,0,0,0,0,0,0,0,0,0,0,NA,NA,NA,NA,0,3,NA,NA,NA,NA,NA,NA,NA,NA,NA,NA,NA,NA,NA,NA,NA,NA,NA,NA,NA,NA,NA,NA,NA,NA,NA,NA,NA,1
"56","509_Fm2_a_Satellite","Lek4_2021_509_a","DbLb|OY","Unpaired","Satellite","Brown/white",NA,"Fm2","a",509,4,"3","3_Lek4_3","3_Lek4",0,0,0,0,5,83.3,0,0,0,0,0,0,0,0,0,0,0,0,0,0,0,0,0,0,0,0,0,1,0,3,1,3,3,NA,4,37,9.37,10.89,NA,NA,NA,NA,4,37.459,9.37,10.89,NA,NA,NA,NA,NA,NA,NA,NA,0,0,0,1
"57","509_Fm2_a_Satellite","Lek4_2021_509_a","DbLb|RLb","Paired","Satellite","White/black",NA,"Fm2","a",509,4,"3","3_Lek4_3","3_Lek4",0,0,0,0,0,0,0,0,0,0,0,0,0,0,0,0,0,0,0,0,0,0,0,0,NA,NA,NA,NA,0,2,NA,NA,NA,NA,NA,NA,NA,NA,NA,NA,NA,NA,NA,NA,NA,NA,NA,NA,NA,NA,NA,NA,NA,NA,NA,NA,NA,1
"58","509_Fm2_a_Satellite","Lek4_2021_509_a","DbLb|RLb","Unpaired","Satellite","White/black",NA,"Fm2","a",509,4,"3","3_Lek4_3","3_Lek4",0,0,0,0,1,16.7,0,0,0,0,0,0,0,0,0,0,0,0,0,0,0,0,0,0,0,0,0,1,0,2,NA,NA,NA,NA,NA,NA,NA,NA,NA,NA,NA,NA,NA,NA,NA,NA,NA,NA,NA,NA,NA,NA,NA,NA,0,0,0,1
"59","509_Fm2_a_Satellite","Lek4_2021_509_a","YO|OLB","Paired","Satellite","black/beige",NA,"Fm2","a",509,4,"3","3_Lek4_3","3_Lek4",1,6,1,139.05,4,66.7,1,1,0,0,0,0,1,0,1,1,0,0,0,0,1,1,1,1,NA,NA,NA,3,61.2,1,89,1181,15,6.71,4,113,28.25,6.54,4,112.997,28.25,6.54,NA,NA,NA,NA,NA,NA,NA,NA,7,1456.924,201.24,77.05,NA,NA,NA,1
"60","509_Fm2_a_Satellite","Lek4_2021_509_a","YO|OLB","Unpaired","Satellite","black/beige",NA,"Fm2","a",509,4,"3","3_Lek4_3","3_Lek4",0,0,0,0,2,33.3,0,0,0,0,0,0,0,0,0,0,0,0,0,0,0,0,0,0,1,1,1,NA,0,1,1,33,33,NA,15,240,17.375,13.165,9,105.361,12.32,8.75,6,134.567,22.43,17.58,NA,NA,NA,NA,1,34.753,34.75,NA,0,0,0,1
"61","509_Fm2_m_Marginal","Lek3_2021_509_m","ODb|YDb","Unpaired","Marginal","Black/gray",NA,"Fm2","m",509,4,"3","3_Lek3_3","3_Lek3",0,0,0,0,6,100,0,0,0,0,0,0,0,0,0,0,0,0,0,0,0,0,0,0,0,0,0,3,0,1,NA,NA,NA,NA,96,3034,54.83,43.54,96,3033.511,54.83,43.54,NA,NA,NA,NA,NA,NA,NA,NA,NA,NA,NA,NA,0,0,0,0
"62","509_Fm2_m_Marginal","Lek3_2021_509_m","XO|XX","Unpaired","Marginal","black/grey/beige",NA,"Fm2","m",509,4,"3","3_Lek3_3","3_Lek3",0,0,0,0,4,66.7,0,0,0,0,0,0,0,0,0,0,0,0,0,0,0,0,0,0,0,0,0,2,0,2,NA,NA,NA,NA,NA,NA,NA,NA,NA,NA,NA,NA,NA,NA,NA,NA,NA,NA,NA,NA,NA,NA,NA,NA,0,0,0,0
"63","509_Fm2_m_Marginal","Lek3_2021_509_m","YO|OO","Unpaired","Marginal","Black",NA,"Fm2","m",509,4,"3","3_Lek3_3","3_Lek3",0,0,0,0,4,66.7,0,0,0,0,0,0,0,0,0,0,0,0,0,0,0,0,0,0,0,0,0,2,0,3,NA,NA,NA,NA,NA,NA,NA,NA,NA,NA,NA,NA,NA,NA,NA,NA,NA,NA,NA,NA,NA,NA,NA,NA,0,0,0,0
"64","510_Fm1_a_Marginal","Lek1_2021_510_a","DbLb|DbP","Unpaired","Marginal","black/beige",NA,"Fm1","a",510,5,"3","3_Lek1_3","3_Lek1",0,0,0,0,5,83.3,0,0,0,0,0,0,0,0,0,0,0,0,0,0,0,0,0,0,0,0,0,3,0,1,NA,NA,NA,NA,NA,NA,NA,NA,NA,NA,NA,NA,NA,NA,NA,NA,NA,NA,NA,NA,NA,NA,NA,NA,0,0,0,0
"65","510_Fm1_a_Marginal","Lek1_2021_510_a","GO|LbY","Unpaired","Marginal","Grey Tiger",NA,"Fm1","a",510,5,"3","3_Lek1_3","3_Lek1",0,0,0,0,3,50,0,0,0,0,0,0,0,0,0,0,0,0,0,0,0,0,0,0,0,0,0,2,0,2,NA,NA,NA,NA,27,1714,46.05,70.72,27,1713.536,46.05,70.72,NA,NA,NA,NA,NA,NA,NA,NA,NA,NA,NA,NA,0,0,0,0
"66","510_Fm1_a_Marginal","Lek1_2021_510_a","RG|LbDb","Unpaired","Marginal","white",NA,"Fm1","a",510,5,"3","3_Lek1_3","3_Lek1",0,0,0,0,1,16.7,0,0,0,0,0,0,0,0,0,0,0,0,0,0,0,0,0,0,0,0,0,NA,0,3,NA,NA,NA,NA,NA,NA,NA,NA,NA,NA,NA,NA,NA,NA,NA,NA,NA,NA,NA,NA,NA,NA,NA,NA,0,0,0,0
"67","510_Fm1_m_Satellite","Lek2_2021_510_m","DbLb|LbY","Paired","Satellite","black/red face",NA,"Fm1","m",510,5,"3","3_Lek2_3","3_Lek2",0,0,0,0,0,0,0,0,0,0,0,0,0,0,0,0,0,0,0,0,0,0,0,0,NA,NA,NA,NA,0,3,NA,NA,NA,NA,NA,NA,NA,NA,NA,NA,NA,NA,NA,NA,NA,NA,NA,NA,NA,NA,NA,NA,NA,NA,NA,NA,NA,0
"68","510_Fm1_m_Satellite","Lek2_2021_510_m","DbLb|LbY","Unpaired","Satellite","black/red face",NA,"Fm1","m",510,5,"3","3_Lek2_3","3_Lek2",0,0,0,0,6,100,0,0,0,0,0,0,0,0,0,0,0,0,0,0,0,0,0,0,0,0,0,3,0,3,NA,NA,NA,NA,NA,NA,NA,NA,NA,NA,NA,NA,NA,NA,NA,NA,NA,NA,NA,NA,NA,NA,NA,NA,0,0,0,0
"69","510_Fm1_m_Satellite","Lek2_2021_510_m","GLb|GY","Paired","Satellite","brown black",NA,"Fm1","m",510,5,"3","3_Lek2_3","3_Lek2",0,0,0,0,0,0,0,0,0,0,0,0,0,0,0,0,0,0,0,0,0,0,0,0,NA,NA,NA,NA,0,1,NA,NA,NA,NA,NA,NA,NA,NA,NA,NA,NA,NA,NA,NA,NA,NA,NA,NA,NA,NA,NA,NA,NA,NA,NA,NA,NA,0
"70","510_Fm1_m_Satellite","Lek2_2021_510_m","GLb|GY","Unpaired","Satellite","brown black",NA,"Fm1","m",510,5,"3","3_Lek2_3","3_Lek2",0,0,0,0,1,16.7,0,0,0,0,0,0,0,0,0,0,0,0,0,0,0,0,0,0,0,0,0,NA,0,1,NA,NA,NA,NA,23,1616,47.8366666666667,78.08,12,1277.028,106.42,130.98,10,333.728,32.34,25.18,1,4.749,4.75,NA,NA,NA,NA,NA,0,0,0,0
"71","510_Fm1_m_Satellite","Lek2_2021_510_m","ODb|YG","Paired","Satellite","Black/w spots",NA,"Fm1","m",510,5,"3","3_Lek2_3","3_Lek2",0,0,0,0,0,0,0,0,0,0,0,0,0,0,0,0,0,0,0,0,0,0,0,0,NA,NA,NA,NA,0,2,NA,NA,NA,NA,NA,NA,NA,NA,NA,NA,NA,NA,NA,NA,NA,NA,NA,NA,NA,NA,NA,NA,NA,NA,NA,NA,NA,0
"72","510_Fm1_m_Satellite","Lek2_2021_510_m","ODb|YG","Unpaired","Satellite","Black/w spots",NA,"Fm1","m",510,5,"3","3_Lek2_3","3_Lek2",0,0,0,0,0,0,0,0,0,0,0,0,0,0,0,0,0,0,0,0,0,0,0,0,0,0,0,NA,0,2,NA,NA,NA,NA,NA,NA,NA,NA,NA,NA,NA,NA,NA,NA,NA,NA,NA,NA,NA,NA,NA,NA,NA,NA,0,0,0,0
"73","510_Fm2_a_Satellite","Lek4_2021_510_a","DbLb|OY","Paired","Satellite","Brown/white",NA,"Fm2","a",510,5,"3","3_Lek4_3","3_Lek4",0,0,0,0,0,0,0,0,0,0,0,0,0,0,0,0,0,0,0,0,0,0,0,0,NA,NA,NA,NA,0,2,NA,NA,NA,NA,NA,NA,NA,NA,NA,NA,NA,NA,NA,NA,NA,NA,NA,NA,NA,NA,NA,NA,NA,NA,NA,NA,NA,1
"74","510_Fm2_a_Satellite","Lek4_2021_510_a","DbLb|OY","Unpaired","Satellite","Brown/white",NA,"Fm2","a",510,5,"3","3_Lek4_3","3_Lek4",0,0,0,0,4,66.7,0,0,0,0,0,0,0,0,0,0,0,0,0,0,0,0,0,0,0,0,0,1,0,2,NA,NA,NA,NA,NA,NA,NA,NA,NA,NA,NA,NA,NA,NA,NA,NA,NA,NA,NA,NA,NA,NA,NA,NA,0,0,0,1
"75","510_Fm2_a_Satellite","Lek4_2021_510_a","DbLb|RLb","Paired","Satellite","White/black",NA,"Fm2","a",510,5,"3","3_Lek4_3","3_Lek4",0,0,0,0,0,0,0,0,0,0,0,0,0,0,0,0,0,0,0,0,0,0,0,0,NA,NA,NA,NA,0,3,NA,NA,NA,NA,NA,NA,NA,NA,NA,NA,NA,NA,NA,NA,NA,NA,NA,NA,NA,NA,NA,NA,NA,NA,NA,NA,NA,1
"76","510_Fm2_a_Satellite","Lek4_2021_510_a","DbLb|RLb","Unpaired","Satellite","White/black",NA,"Fm2","a",510,5,"3","3_Lek4_3","3_Lek4",0,0,0,0,2,33.3,0,0,0,0,0,0,0,0,0,0,0,0,0,0,0,0,0,0,0,0,0,1,0,3,NA,NA,NA,NA,NA,NA,NA,NA,NA,NA,NA,NA,NA,NA,NA,NA,NA,NA,NA,NA,NA,NA,NA,NA,0,0,0,1
"77","510_Fm2_a_Satellite","Lek4_2021_510_a","YO|OLB","Paired","Satellite","black/beige",NA,"Fm2","a",510,5,"3","3_Lek4_3","3_Lek4",1,3,1,93.393,2,33.3,1,1,0,0,0,1,0,1,1,1,0,0,1,2,1,1,0,1,NA,NA,NA,1,71,1,67,1084,11,9.25,10,120,8.81,8.89,10,119.757,8.81,8.89,NA,NA,NA,NA,NA,NA,NA,NA,7,1312.742,157.86,261.36,NA,NA,NA,1
"78","510_Fm2_a_Satellite","Lek4_2021_510_a","YO|OLB","Unpaired","Satellite","black/beige",NA,"Fm2","a",510,5,"3","3_Lek4_3","3_Lek4",0,0,0,0,3,50,0,0,0,0,0,0,0,0,0,0,0,0,0,0,0,0,0,0,0,1,1,2,0,1,NA,NA,NA,NA,20,214,11.73,7.84,15,160.196,10.96,13.56,5,53.989,12.5,2.12,NA,NA,NA,NA,NA,NA,NA,NA,1,13.996,1,1
"79","510_Fm2_m_Marginal","Lek3_2021_510_m","ODb|YDb","Unpaired","Marginal","Black/gray",NA,"Fm2","m",510,5,"3","3_Lek3_3","3_Lek3",3,11,1,353.437,6,100,1,1,0,0,0,0,3,0,1,3,1,1,1,15,4,3,1,1,3,3,1,3,140.3,3,NA,NA,NA,NA,74,1697,23.78,21.73,74,1697.394,23.78,21.73,NA,NA,NA,NA,NA,NA,NA,NA,NA,NA,NA,NA,0,0,0,1
"80","510_Fm2_m_Marginal","Lek3_2021_510_m","XO|XX","Unpaired","Marginal","black/grey/beige",NA,"Fm2","m",510,5,"3","3_Lek3_3","3_Lek3",0,0,0,0,1,16.7,0,0,0,0,0,0,0,0,0,0,0,0,0,0,0,0,0,0,0,0,0,1,0,2,NA,NA,NA,NA,NA,NA,NA,NA,NA,NA,NA,NA,NA,NA,NA,NA,NA,NA,NA,NA,NA,NA,NA,NA,0,0,0,1
"81","510_Fm2_m_Marginal","Lek3_2021_510_m","YO|OO","Unpaired","Marginal","Black",NA,"Fm2","m",510,5,"3","3_Lek3_3","3_Lek3",0,0,0,0,0,0,0,0,0,0,0,0,0,0,0,0,0,0,0,0,0,0,0,0,0,0,0,NA,0,1,NA,NA,NA,NA,NA,NA,NA,NA,NA,NA,NA,NA,NA,NA,NA,NA,NA,NA,NA,NA,NA,NA,NA,NA,0,0,0,1
"82","511_Fm1_a_Marginal","Lek1_2021_511_a","DbLb|DbP","Unpaired","Marginal","black/beige",NA,"Fm1","a",511,6,"3","3_Lek1_3","3_Lek1",0,0,0,0,4,66.7,0,0,0,0,0,0,0,0,0,0,0,0,0,0,0,0,0,0,0,0,0,1,0,1,NA,NA,NA,NA,NA,NA,NA,NA,NA,NA,NA,NA,NA,NA,NA,NA,NA,NA,NA,NA,NA,NA,NA,NA,0,0,0,0
"83","511_Fm1_a_Marginal","Lek1_2021_511_a","GO|LbY","Unpaired","Marginal","Grey Tiger",NA,"Fm1","a",511,6,"3","3_Lek1_3","3_Lek1",0,0,0,0,6,100,0,0,0,0,0,0,0,0,0,0,0,0,0,0,0,0,0,0,0,0,0,3,0,2,NA,NA,NA,NA,20,1774,69.38,117.71,20,1773.547,69.38,117.71,NA,NA,NA,NA,NA,NA,NA,NA,NA,NA,NA,NA,0,0,0,0
"84","511_Fm1_a_Marginal","Lek1_2021_511_a","RG|LbDb","Unpaired","Marginal","white",NA,"Fm1","a",511,6,"3","3_Lek1_3","3_Lek1",0,0,0,0,0,0,0,0,0,0,0,0,0,0,0,0,0,0,0,0,0,0,0,0,0,0,0,NA,0,3,NA,NA,NA,NA,NA,NA,NA,NA,NA,NA,NA,NA,NA,NA,NA,NA,NA,NA,NA,NA,NA,NA,NA,NA,0,0,0,0
"85","511_Fm1_a_Marginal","Lek2_2021_511_a","DbLb|LbY","Unpaired","Marginal","black/red face",NA,"Fm1","a",511,6,"3","3_Lek2_3","3_Lek2",0,0,0,0,6,100,0,0,0,0,0,0,0,0,0,0,0,0,0,0,0,0,0,0,0,0,0,NA,0,3,NA,NA,NA,NA,NA,NA,NA,NA,NA,NA,NA,NA,NA,NA,NA,NA,NA,NA,NA,NA,NA,NA,NA,NA,0,0,0,0
"86","511_Fm1_a_Marginal","Lek2_2021_511_a","GLb|GY","Unpaired","Marginal","brown black",NA,"Fm1","a",511,6,"3","3_Lek2_3","3_Lek2",0,0,0,0,2,33.3,0,0,0,0,0,0,0,0,0,0,0,0,0,0,0,0,0,0,0,0,0,NA,0,2,NA,NA,NA,NA,NA,NA,NA,NA,NA,NA,NA,NA,NA,NA,NA,NA,NA,NA,NA,NA,NA,NA,NA,NA,0,0,0,0
"87","511_Fm1_a_Marginal","Lek2_2021_511_a","ODb|YG","Unpaired","Marginal","Black/w spots",NA,"Fm1","a",511,6,"3","3_Lek2_3","3_Lek2",0,0,0,0,0,0,0,0,0,0,0,0,0,0,0,0,0,0,0,0,0,0,0,0,0,0,0,NA,0,1,NA,NA,NA,NA,NA,NA,NA,NA,NA,NA,NA,NA,NA,NA,NA,NA,NA,NA,NA,NA,NA,NA,NA,NA,0,0,0,0
"88","511_Fm1_m_Satellite","Lek2_2021_511_m","DbLb|LbY","Paired","Satellite","black/red face",NA,"Fm1","m",511,6,"3","3_Lek2_3","3_Lek2",0,0,0,0,0,0,0,0,0,0,0,0,0,0,0,0,0,0,0,0,0,0,0,0,NA,NA,NA,NA,0,3,NA,NA,NA,NA,NA,NA,NA,NA,NA,NA,NA,NA,NA,NA,NA,NA,NA,NA,NA,NA,NA,NA,NA,NA,NA,NA,NA,0
"89","511_Fm1_m_Satellite","Lek2_2021_511_m","DbLb|LbY","Unpaired","Satellite","black/red face",NA,"Fm1","m",511,6,"3","3_Lek2_3","3_Lek2",0,0,0,0,6,100,0,0,0,0,0,0,0,0,0,0,0,0,0,0,0,0,0,0,0,0,0,3,0,3,NA,NA,NA,NA,NA,NA,NA,NA,NA,NA,NA,NA,NA,NA,NA,NA,NA,NA,NA,NA,NA,NA,NA,NA,0,0,0,0
"90","511_Fm1_m_Satellite","Lek2_2021_511_m","GLb|GY","Paired","Satellite","brown black",NA,"Fm1","m",511,6,"3","3_Lek2_3","3_Lek2",0,0,0,0,0,0,0,0,0,0,0,0,0,0,0,0,0,0,0,0,0,0,0,0,NA,NA,NA,NA,0,1,6,311,52,37.88,3,21,7.16,3.26,3,21.493,7.16,3.26,NA,NA,NA,NA,NA,NA,NA,NA,2,350.86,175.43,NA,NA,NA,NA,0
"91","511_Fm1_m_Satellite","Lek2_2021_511_m","GLb|GY","Unpaired","Satellite","brown black",NA,"Fm1","m",511,6,"3","3_Lek2_3","3_Lek2",0,0,0,0,4,66.7,0,0,0,0,0,0,0,0,0,0,0,0,0,0,0,0,0,0,0,0,0,2,0,1,NA,NA,NA,NA,26,1209,46.9466666666667,61.955,11,271.592,26.2,17.6,12,736.837,47.81,106.31,3,200.498,66.83,NA,NA,NA,NA,NA,0,0,0,0
"92","511_Fm1_m_Satellite","Lek2_2021_511_m","ODb|YG","Paired","Satellite","Black/w spots",NA,"Fm1","m",511,6,"3","3_Lek2_3","3_Lek2",0,0,0,0,0,0,0,0,0,0,0,0,0,0,0,0,0,0,0,0,0,0,0,0,NA,NA,NA,NA,0,2,NA,NA,NA,NA,NA,NA,NA,NA,NA,NA,NA,NA,NA,NA,NA,NA,NA,NA,NA,NA,NA,NA,NA,NA,NA,NA,NA,0
"93","511_Fm1_m_Satellite","Lek2_2021_511_m","ODb|YG","Unpaired","Satellite","Black/w spots",NA,"Fm1","m",511,6,"3","3_Lek2_3","3_Lek2",0,0,0,0,0,0,0,0,0,0,0,0,0,0,0,0,0,0,0,0,0,0,0,0,0,0,0,NA,0,2,NA,NA,NA,NA,NA,NA,NA,NA,NA,NA,NA,NA,NA,NA,NA,NA,NA,NA,NA,NA,NA,NA,NA,NA,0,0,0,0
"94","511_Fm2_a_Satellite","Lek3_2021_511_a","ODb|YDb","Paired","Satellite","Black/gray",NA,"Fm2","a",511,6,"3","3_Lek3_3","3_Lek3",1,7,1,864.503,5,83.3,0,0,0,0,0,0,0,0,0,0,0,0,1,2,0,0,0,0,NA,NA,NA,NA,431.3,2,12,1117,93,133.26,3,98,32.55,33.86,3,97.652,32.55,33.86,NA,NA,NA,NA,NA,NA,NA,NA,4,1438.32,286.98,713.8,NA,NA,NA,0
"95","511_Fm2_a_Satellite","Lek3_2021_511_a","ODb|YDb","Unpaired","Satellite","Black/gray",NA,"Fm2","a",511,6,"3","3_Lek3_3","3_Lek3",1,2,1,72.122,1,16.7,0,0,0,0,0,0,0,0,0,0,0,0,0,0,0,0,0,0,0,0,0,NA,51.6,2,NA,NA,NA,NA,13,477,30.31,33.605,7,347.851,49.69,39.66,6,129.213,20.62,27.55,NA,NA,NA,NA,NA,NA,NA,NA,0,0,0,0
"96","511_Fm2_a_Satellite","Lek3_2021_511_a","XO|XX","Paired","Satellite","black/grey/beige",NA,"Fm2","a",511,6,"3","3_Lek3_3","3_Lek3",0,0,0,0,0,0,0,0,0,0,0,0,0,0,0,0,0,0,0,0,0,0,0,0,NA,NA,NA,NA,0,3,NA,NA,NA,NA,NA,NA,NA,NA,NA,NA,NA,NA,NA,NA,NA,NA,NA,NA,NA,NA,NA,NA,NA,NA,NA,NA,NA,0
"97","511_Fm2_a_Satellite","Lek3_2021_511_a","XO|XX","Unpaired","Satellite","black/grey/beige",NA,"Fm2","a",511,6,"3","3_Lek3_3","3_Lek3",0,0,0,0,0,0,0,0,0,0,0,0,0,0,0,0,0,0,0,0,0,0,0,0,0,0,0,NA,0,3,NA,NA,NA,NA,NA,NA,NA,NA,NA,NA,NA,NA,NA,NA,NA,NA,NA,NA,NA,NA,NA,NA,NA,NA,0,0,0,0
"98","511_Fm2_a_Satellite","Lek3_2021_511_a","YO|OO","Paired","Satellite","Black",NA,"Fm2","a",511,6,"3","3_Lek3_3","3_Lek3",1,1,1,28.729,0,0,0,0,0,0,0,0,0,0,0,0,0,0,0,0,0,0,0,0,NA,NA,NA,NA,28.7,1,NA,NA,NA,NA,NA,NA,NA,NA,NA,NA,NA,NA,NA,NA,NA,NA,NA,NA,NA,NA,NA,NA,NA,NA,NA,NA,NA,0
"99","511_Fm2_a_Satellite","Lek3_2021_511_a","YO|OO","Unpaired","Satellite","Black",NA,"Fm2","a",511,6,"3","3_Lek3_3","3_Lek3",0,0,0,0,0,0,0,0,0,0,0,0,0,0,0,0,0,0,0,0,0,0,0,0,0,0,0,NA,0,1,NA,NA,NA,NA,NA,NA,NA,NA,NA,NA,NA,NA,NA,NA,NA,NA,NA,NA,NA,NA,NA,NA,NA,NA,0,0,0,0
"100","511_Fm2_a_Satellite","Lek4_2021_511_a","DbLb|OY","Paired","Satellite","Brown/white",NA,"Fm2","a",511,6,"3","3_Lek4_3","3_Lek4",0,0,0,0,0,0,0,0,0,0,0,0,0,0,0,0,0,0,0,0,0,0,0,0,NA,NA,NA,NA,0,2,NA,NA,NA,NA,NA,NA,NA,NA,NA,NA,NA,NA,NA,NA,NA,NA,NA,NA,NA,NA,NA,NA,NA,NA,NA,NA,NA,0
"101","511_Fm2_a_Satellite","Lek4_2021_511_a","DbLb|OY","Unpaired","Satellite","Brown/white",NA,"Fm2","a",511,6,"3","3_Lek4_3","3_Lek4",0,0,0,0,3,50,0,0,0,0,0,0,0,0,0,0,0,0,0,0,0,0,0,0,0,0,0,1,0,2,NA,NA,NA,NA,NA,NA,NA,NA,NA,NA,NA,NA,NA,NA,NA,NA,NA,NA,NA,NA,NA,NA,NA,NA,0,0,0,0
"102","511_Fm2_a_Satellite","Lek4_2021_511_a","DbLb|RLb","Paired","Satellite","White/black",NA,"Fm2","a",511,6,"3","3_Lek4_3","3_Lek4",0,0,0,0,0,0,0,0,0,0,0,0,0,0,0,0,0,0,0,0,0,0,0,0,NA,NA,NA,NA,0,3,NA,NA,NA,NA,NA,NA,NA,NA,NA,NA,NA,NA,NA,NA,NA,NA,NA,NA,NA,NA,NA,NA,NA,NA,NA,NA,NA,0
"103","511_Fm2_a_Satellite","Lek4_2021_511_a","DbLb|RLb","Unpaired","Satellite","White/black",NA,"Fm2","a",511,6,"3","3_Lek4_3","3_Lek4",0,0,0,0,2,33.3,0,0,0,0,0,0,0,0,0,0,0,0,0,0,0,0,0,0,0,0,0,1,0,3,NA,NA,NA,NA,NA,NA,NA,NA,NA,NA,NA,NA,NA,NA,NA,NA,NA,NA,NA,NA,NA,NA,NA,NA,0,0,0,0
"104","511_Fm2_a_Satellite","Lek4_2021_511_a","YO|OLB","Paired","Satellite","black/beige",NA,"Fm2","a",511,6,"3","3_Lek4_3","3_Lek4",0,0,0,0,5,83.3,0,0,0,0,0,0,0,0,0,0,0,0,0,0,0,0,0,0,NA,NA,NA,3,0,1,57,1187,20,20.41,19,583,22.19,39.57,19,582.589,22.19,39.57,NA,NA,NA,NA,NA,NA,NA,NA,4,1694.824,423.71,NA,NA,NA,NA,0
"105","511_Fm2_a_Satellite","Lek4_2021_511_a","YO|OLB","Unpaired","Satellite","black/beige",NA,"Fm2","a",511,6,"3","3_Lek4_3","3_Lek4",0,0,0,0,1,16.7,0,0,0,0,0,0,0,0,0,0,0,0,0,0,0,0,0,0,0,0,0,NA,0,1,NA,NA,NA,NA,5,87,18.98,9.01,5,86.826,18.98,9.01,NA,NA,NA,NA,NA,NA,NA,NA,NA,NA,NA,NA,4,53.697,1,0
"106","511_Fm2_m_Marginal","Lek3_2021_511_m","ODb|YDb","Unpaired","Marginal","Black/gray",NA,"Fm2","m",511,6,"3","3_Lek3_3","3_Lek3",3,13,1,753.096,6,100,1,1,0,0,0,0,3,0,1,3,0,0,1,14,3,3,1,1,3,3,1,3,330.3,2,NA,NA,NA,NA,NA,NA,NA,NA,NA,NA,NA,NA,NA,NA,NA,NA,NA,NA,NA,NA,NA,NA,NA,NA,0,0,0,1
"107","511_Fm2_m_Marginal","Lek3_2021_511_m","XO|XX","Unpaired","Marginal","black/grey/beige",NA,"Fm2","m",511,6,"3","3_Lek3_3","3_Lek3",0,0,0,0,1,16.7,0,0,0,0,0,0,0,0,0,0,0,0,0,0,0,0,0,0,0,0,0,NA,0,3,NA,NA,NA,NA,NA,NA,NA,NA,NA,NA,NA,NA,NA,NA,NA,NA,NA,NA,NA,NA,NA,NA,NA,NA,0,0,0,1
"108","511_Fm2_m_Marginal","Lek3_2021_511_m","YO|OO","Unpaired","Marginal","Black",NA,"Fm2","m",511,6,"3","3_Lek3_3","3_Lek3",0,0,0,0,1,16.7,0,0,0,0,0,0,0,0,0,0,0,0,0,0,0,0,0,0,0,0,0,1,0,1,NA,NA,NA,NA,NA,NA,NA,NA,NA,NA,NA,NA,NA,NA,NA,NA,NA,NA,NA,NA,NA,NA,NA,NA,0,0,0,1
"109","512_Fm1_a_Satellite","Lek2_2021_512_a","ODb|YG","Paired","Satellite","Black/w spots",NA,"Fm1","a",512,7,"4","2_Lek2_4","2_Lek2",0,0,0,0,0,0,0,0,0,0,0,0,0,0,0,0,0,0,0,0,0,0,0,0,NA,NA,NA,NA,0,1,NA,NA,NA,NA,NA,NA,NA,NA,NA,NA,NA,NA,NA,NA,NA,NA,NA,NA,NA,NA,NA,NA,NA,NA,NA,NA,NA,0
"110","512_Fm1_a_Satellite","Lek2_2021_512_a","ODb|YG","Unpaired","Satellite","Black/w spots",NA,"Fm1","a",512,7,"4","2_Lek2_4","2_Lek2",0,0,0,0,0,0,0,0,0,0,0,0,0,0,0,0,0,0,0,0,0,0,0,0,0,0,0,NA,0,1,NA,NA,NA,NA,NA,NA,NA,NA,NA,NA,NA,NA,NA,NA,NA,NA,NA,NA,NA,NA,NA,NA,NA,NA,0,0,0,0
"111","512_Fm1_a_Satellite","Lek2_2021_512_a","RG|LbDb","Paired","Satellite","white",NA,"Fm1","a",512,7,"4","2_Lek2_4","2_Lek2",0,0,0,0,0,0,0,0,0,0,0,0,0,0,0,0,0,0,0,0,0,0,0,0,NA,NA,NA,NA,0,2,NA,NA,NA,NA,NA,NA,NA,NA,NA,NA,NA,NA,NA,NA,NA,NA,NA,NA,NA,NA,NA,NA,NA,NA,NA,NA,NA,0
"112","512_Fm1_a_Satellite","Lek2_2021_512_a","RG|LbDb","Unpaired","Satellite","white",NA,"Fm1","a",512,7,"4","2_Lek2_4","2_Lek2",0,0,0,0,4,66.7,0,0,0,0,0,0,0,0,0,0,0,0,0,0,0,0,0,0,0,0,0,2,0,2,NA,NA,NA,NA,NA,NA,NA,NA,NA,NA,NA,NA,NA,NA,NA,NA,NA,NA,NA,NA,NA,NA,NA,NA,0,0,0,0
"113","512_Fm1_a_Satellite","Lek2_2021_512_a","YO|OO","Paired","Satellite","Black",NA,"Fm1","a",512,7,"4","2_Lek2_4","2_Lek2",0,0,0,0,0,0,0,0,0,0,0,0,0,0,0,0,0,0,0,0,0,0,0,0,NA,NA,NA,NA,0,3,NA,NA,NA,NA,NA,NA,NA,NA,NA,NA,NA,NA,NA,NA,NA,NA,NA,NA,NA,NA,NA,NA,NA,NA,NA,NA,NA,0
"114","512_Fm1_a_Satellite","Lek2_2021_512_a","YO|OO","Unpaired","Satellite","Black",NA,"Fm1","a",512,7,"4","2_Lek2_4","2_Lek2",0,0,0,0,6,100,0,0,0,0,0,0,0,0,0,0,0,0,0,0,0,0,0,0,0,0,0,2,0,3,NA,NA,NA,NA,NA,NA,NA,NA,NA,NA,NA,NA,NA,NA,NA,NA,NA,NA,NA,NA,NA,NA,NA,NA,0,0,0,0
"115","512_Fm1_m_Marginal","Lek1_2021_512_m","DbLb|RLb","Unpaired","Marginal","White/black",NA,"Fm1","m",512,7,"4","2_Lek1_4","2_Lek1",0,0,0,0,2,33.3,0,0,0,0,0,0,0,0,0,0,0,0,0,0,0,0,0,0,0,0,0,1,0,1,NA,NA,NA,NA,39,1727,42.12,30.67,39,1726.917,42.12,30.67,NA,NA,NA,NA,NA,NA,NA,NA,NA,NA,NA,NA,0,0,0,0
"116","512_Fm1_m_Marginal","Lek1_2021_512_m","GLb|GY","Unpaired","Marginal","brown black",NA,"Fm1","m",512,7,"4","2_Lek1_4","2_Lek1",0,0,0,0,4,66.7,0,0,0,0,0,0,0,0,0,0,0,0,0,0,0,0,0,0,0,0,0,1,0,3,NA,NA,NA,NA,NA,NA,NA,NA,NA,NA,NA,NA,NA,NA,NA,NA,NA,NA,NA,NA,NA,NA,NA,NA,0,0,0,0
"117","512_Fm1_m_Marginal","Lek1_2021_512_m","XO|XX","Unpaired","Marginal","black/grey/beige",NA,"Fm1","m",512,7,"4","2_Lek1_4","2_Lek1",0,0,0,0,0,0,0,0,0,0,0,0,0,0,0,0,0,0,0,0,0,0,0,0,0,0,0,NA,0,2,NA,NA,NA,NA,NA,NA,NA,NA,NA,NA,NA,NA,NA,NA,NA,NA,NA,NA,NA,NA,NA,NA,NA,NA,0,0,0,0
"118","512_Fm2_a_Marginal","Lek3_2021_512_a","DbLb|DbP","Unpaired","Marginal","black/beige",NA,"Fm2","a",512,7,"4","2_Lek3_4","2_Lek3",4,10,1,600.285,6,100,1,1,0,0,0,0,2,0,1,2,1,1,1,8,3,2,1,1,2,2,1,3,190.3,2,NA,NA,NA,NA,41,1567,33.92,27.34,41,1566.722,33.92,27.34,NA,NA,NA,NA,NA,NA,NA,NA,NA,NA,NA,NA,0,0,0,1
"119","512_Fm2_a_Marginal","Lek3_2021_512_a","DbLb|OY","Unpaired","Marginal","Brown/white",NA,"Fm2","a",512,7,"4","2_Lek3_4","2_Lek3",0,0,0,0,4,66.7,0,0,0,0,0,0,0,0,0,0,0,0,0,0,0,0,0,0,0,0,0,3,0,3,NA,NA,NA,NA,NA,NA,NA,NA,NA,NA,NA,NA,NA,NA,NA,NA,NA,NA,NA,NA,NA,NA,NA,NA,0,0,0,1
"120","512_Fm2_a_Marginal","Lek3_2021_512_a","ODb|YDb","Unpaired","Marginal","Black/gray",NA,"Fm2","a",512,7,"4","2_Lek3_4","2_Lek3",0,0,0,0,6,100,0,0,0,0,0,0,0,0,0,0,0,0,0,0,0,0,0,0,0,0,0,3,0,1,NA,NA,NA,NA,NA,NA,NA,NA,NA,NA,NA,NA,NA,NA,NA,NA,NA,NA,NA,NA,NA,NA,NA,NA,0,0,0,1
"121","512_Fm2_m_Satellite","Lek4_2021_512_m","DbLb|LbY","Paired","Satellite","black/red face",NA,"Fm2","m",512,7,"4","2_Lek4_4","2_Lek4",0,0,0,0,0,0,0,0,0,0,0,0,0,0,0,0,0,0,0,0,0,0,0,0,NA,NA,NA,NA,0,3,NA,NA,NA,NA,NA,NA,NA,NA,NA,NA,NA,NA,NA,NA,NA,NA,NA,NA,NA,NA,NA,NA,NA,NA,NA,NA,NA,0
"122","512_Fm2_m_Satellite","Lek4_2021_512_m","DbLb|LbY","Unpaired","Satellite","black/red face",NA,"Fm2","m",512,7,"4","2_Lek4_4","2_Lek4",0,0,0,0,1,16.7,0,0,0,0,0,0,0,0,0,0,0,0,0,0,0,0,0,0,0,0,0,NA,0,3,NA,NA,NA,NA,NA,NA,NA,NA,NA,NA,NA,NA,NA,NA,NA,NA,NA,NA,NA,NA,NA,NA,NA,NA,0,0,0,0
"123","512_Fm2_m_Satellite","Lek4_2021_512_m","GO|LbY","Paired","Satellite","Grey Tiger",NA,"Fm2","m",512,7,"4","2_Lek4_4","2_Lek4",1,2,1,40.456,0,0,0,0,0,0,0,0,0,0,0,0,0,0,0,0,0,0,0,0,NA,NA,NA,NA,23,2,5,37,7,6.42,NA,NA,NA,NA,NA,NA,NA,NA,NA,NA,NA,NA,NA,NA,NA,NA,NA,NA,NA,NA,NA,NA,NA,0
"124","512_Fm2_m_Satellite","Lek4_2021_512_m","GO|LbY","Unpaired","Satellite","Grey Tiger",NA,"Fm2","m",512,7,"4","2_Lek4_4","2_Lek4",0,0,0,0,5,83.3,0,0,0,0,0,0,0,0,0,0,0,0,0,0,0,0,0,0,0,0,0,3,0,2,NA,NA,NA,NA,3,23,7.79,4.21,NA,NA,NA,NA,3,23.381,7.79,4.21,NA,NA,NA,NA,NA,NA,NA,NA,0,0,0,0
"125","512_Fm2_m_Satellite","Lek4_2021_512_m","YO|OLB","Paired","Satellite","black/beige",NA,"Fm2","m",512,7,"4","2_Lek4_4","2_Lek4",1,7,1,265.571,4,66.7,0,0,0,0,0,0,0,0,0,0,0,0,1,1,0,0,0,0,NA,NA,NA,3,130.5,1,61,1073,16,9.09,5,109,24.69,25.95,5,109.061,24.69,25.95,NA,NA,NA,NA,NA,NA,NA,NA,3,1256.799,389.73,252.36,NA,NA,NA,0
"126","512_Fm2_m_Satellite","Lek4_2021_512_m","YO|OLB","Unpaired","Satellite","black/beige",NA,"Fm2","m",512,7,"4","2_Lek4_4","2_Lek4",1,1,1,10.754,2,33.3,0,0,0,0,0,0,0,0,0,0,0,0,0,0,0,0,0,0,0,0,0,NA,10.8,1,NA,NA,NA,NA,28,402,12.71,14.9,27,392.874,16.23,14.9,NA,NA,NA,NA,1,9.192,9.19,NA,NA,NA,NA,NA,0,0,0,0
"127","513_Fm1_a_Marginal","Lek1_2021_513_a","DbLb|RLb","Unpaired","Marginal","White/black",NA,"Fm1","a",513,8,"4","2_Lek1_4","2_Lek1",0,0,0,0,4,66.7,0,0,0,0,0,0,0,0,0,0,0,0,0,0,0,0,0,0,0,0,0,2,0,1,NA,NA,NA,NA,41,1703,35.88,44.68,41,1702.814,35.88,44.68,NA,NA,NA,NA,NA,NA,NA,NA,NA,NA,NA,NA,0,0,0,0
"128","513_Fm1_a_Marginal","Lek1_2021_513_a","GLb|GY","Unpaired","Marginal","brown black",NA,"Fm1","a",513,8,"4","2_Lek1_4","2_Lek1",0,0,0,0,3,50,0,0,0,0,0,0,0,0,0,0,0,0,0,0,0,0,0,0,0,0,0,1,0,3,NA,NA,NA,NA,NA,NA,NA,NA,NA,NA,NA,NA,NA,NA,NA,NA,NA,NA,NA,NA,NA,NA,NA,NA,0,0,0,0
"129","513_Fm1_a_Marginal","Lek1_2021_513_a","XO|XX","Unpaired","Marginal","black/grey/beige",NA,"Fm1","a",513,8,"4","2_Lek1_4","2_Lek1",0,0,0,0,0,0,0,0,0,0,0,0,0,0,0,0,0,0,0,0,0,0,0,0,0,0,0,NA,0,2,NA,NA,NA,NA,NA,NA,NA,NA,NA,NA,NA,NA,NA,NA,NA,NA,NA,NA,NA,NA,NA,NA,NA,NA,0,0,0,0
"130","513_Fm1_m_Satellite","Lek2_2021_513_m","ODb|YG","Paired","Satellite","Black/w spots",NA,"Fm1","m",513,8,"4","2_Lek2_4","2_Lek2",0,0,0,0,0,0,0,0,0,0,0,0,0,0,0,0,0,0,0,0,0,0,0,0,NA,NA,NA,NA,0,1,NA,NA,NA,NA,NA,NA,NA,NA,NA,NA,NA,NA,NA,NA,NA,NA,NA,NA,NA,NA,NA,NA,NA,NA,NA,NA,NA,0
"131","513_Fm1_m_Satellite","Lek2_2021_513_m","ODb|YG","Unpaired","Satellite","Black/w spots",NA,"Fm1","m",513,8,"4","2_Lek2_4","2_Lek2",0,0,0,0,2,33.3,0,0,0,0,0,0,0,0,0,0,0,0,0,0,0,0,0,0,0,0,0,NA,0,1,NA,NA,NA,NA,NA,NA,NA,NA,NA,NA,NA,NA,NA,NA,NA,NA,NA,NA,NA,NA,NA,NA,NA,NA,0,0,0,0
"132","513_Fm1_m_Satellite","Lek2_2021_513_m","RG|LbDb","Paired","Satellite","white",NA,"Fm1","m",513,8,"4","2_Lek2_4","2_Lek2",0,0,0,0,0,0,0,0,0,0,0,0,0,0,0,0,0,0,0,0,0,0,0,0,NA,NA,NA,NA,0,2,NA,NA,NA,NA,NA,NA,NA,NA,NA,NA,NA,NA,NA,NA,NA,NA,NA,NA,NA,NA,NA,NA,NA,NA,NA,NA,NA,0
"133","513_Fm1_m_Satellite","Lek2_2021_513_m","RG|LbDb","Unpaired","Satellite","white",NA,"Fm1","m",513,8,"4","2_Lek2_4","2_Lek2",0,0,0,0,5,83.3,0,0,0,0,0,0,0,0,0,0,0,0,0,0,0,0,0,0,0,0,0,3,0,2,NA,NA,NA,NA,NA,NA,NA,NA,NA,NA,NA,NA,NA,NA,NA,NA,NA,NA,NA,NA,NA,NA,NA,NA,0,0,0,0
"134","513_Fm1_m_Satellite","Lek2_2021_513_m","YO|OO","Paired","Satellite","Black",NA,"Fm1","m",513,8,"4","2_Lek2_4","2_Lek2",0,0,0,0,0,0,0,0,0,0,0,0,0,0,0,0,0,0,0,0,0,0,0,0,NA,NA,NA,NA,0,3,NA,NA,NA,NA,NA,NA,NA,NA,NA,NA,NA,NA,NA,NA,NA,NA,NA,NA,NA,NA,NA,NA,NA,NA,NA,NA,NA,0
"135","513_Fm1_m_Satellite","Lek2_2021_513_m","YO|OO","Unpaired","Satellite","Black",NA,"Fm1","m",513,8,"4","2_Lek2_4","2_Lek2",0,0,0,0,6,100,0,0,0,0,0,0,0,0,0,0,0,0,0,0,0,0,0,0,0,0,0,3,0,3,NA,NA,NA,NA,NA,NA,NA,NA,NA,NA,NA,NA,NA,NA,NA,NA,NA,NA,NA,NA,NA,NA,NA,NA,0,0,0,0
"136","513_Fm2_a_Satellite","Lek4_2021_513_a","DbLb|LbY","Paired","Satellite","black/red face",NA,"Fm2","a",513,8,"4","2_Lek4_4","2_Lek4",0,0,0,0,0,0,0,0,0,0,0,0,0,0,0,0,0,0,0,0,0,0,0,0,NA,NA,NA,NA,0,3,NA,NA,NA,NA,NA,NA,NA,NA,NA,NA,NA,NA,NA,NA,NA,NA,NA,NA,NA,NA,NA,NA,NA,NA,NA,NA,NA,0
"137","513_Fm2_a_Satellite","Lek4_2021_513_a","DbLb|LbY","Unpaired","Satellite","black/red face",NA,"Fm2","a",513,8,"4","2_Lek4_4","2_Lek4",0,0,0,0,0,0,0,0,0,0,0,0,0,0,0,0,0,0,0,0,0,0,0,0,0,0,0,NA,0,3,NA,NA,NA,NA,NA,NA,NA,NA,NA,NA,NA,NA,NA,NA,NA,NA,NA,NA,NA,NA,NA,NA,NA,NA,0,0,0,0
"138","513_Fm2_a_Satellite","Lek4_2021_513_a","GO|LbY","Paired","Satellite","Grey Tiger",NA,"Fm2","a",513,8,"4","2_Lek4_4","2_Lek4",0,0,0,0,0,0,0,0,0,0,0,0,0,0,0,0,0,0,0,0,0,0,0,0,NA,NA,NA,NA,0,2,4,47,12,5.43,NA,NA,NA,NA,NA,NA,NA,NA,NA,NA,NA,NA,NA,NA,NA,NA,NA,NA,NA,NA,NA,NA,NA,0
"139","513_Fm2_a_Satellite","Lek4_2021_513_a","GO|LbY","Unpaired","Satellite","Grey Tiger",NA,"Fm2","a",513,8,"4","2_Lek4_4","2_Lek4",0,0,0,0,2,33.3,0,0,0,0,0,0,0,0,0,0,0,0,0,0,0,0,0,0,0,0,0,1,0,2,NA,NA,NA,NA,2,19,9.745,NA,NA,NA,NA,NA,2,19.492,9.745,NA,NA,NA,NA,NA,NA,NA,NA,NA,0,0,0,0
"140","513_Fm2_a_Satellite","Lek4_2021_513_a","YO|OLB","Paired","Satellite","black/beige",NA,"Fm2","a",513,8,"4","2_Lek4_4","2_Lek4",0,0,0,0,2,33.3,0,0,0,0,0,0,0,0,0,0,0,0,0,0,0,0,0,0,NA,NA,NA,1,0,1,31,671,13,11.7,24,325,13.28,7.51,24,325.217,13.28,7.51,NA,NA,NA,NA,NA,NA,NA,NA,4,1059.923,304.35,153.62,NA,NA,NA,0
"141","513_Fm2_a_Satellite","Lek4_2021_513_a","YO|OLB","Unpaired","Satellite","black/beige",NA,"Fm2","a",513,8,"4","2_Lek4_4","2_Lek4",0,0,0,0,4,66.7,0,0,0,0,0,0,0,0,0,0,0,0,0,0,0,0,0,0,0,0,0,2,0,1,NA,NA,NA,NA,28,689,15.41,30.42,26,671.382,21.91,30.42,2,17.83,8.91,NA,NA,NA,NA,NA,NA,NA,NA,NA,0,0,0,0
"142","513_Fm2_m_Marginal","Lek3_2021_513_m","DbLb|DbP","Unpaired","Marginal","black/beige",NA,"Fm2","m",513,8,"4","2_Lek3_4","2_Lek3",1,2,1,32.489,6,100,0,0,0,0,0,0,0,0,0,0,0,0,0,0,0,0,0,0,0,0,0,3,18,1,NA,NA,NA,NA,75,1747,23.11,30.37,75,1747.333,23.11,30.37,NA,NA,NA,NA,NA,NA,NA,NA,NA,NA,NA,NA,0,0,0,0
"143","513_Fm2_m_Marginal","Lek3_2021_513_m","DbLb|OY","Unpaired","Marginal","Brown/white",NA,"Fm2","m",513,8,"4","2_Lek3_4","2_Lek3",0,0,0,0,6,100,0,0,0,0,0,0,0,0,0,0,0,0,0,0,0,0,0,0,0,0,0,2,0,3,NA,NA,NA,NA,NA,NA,NA,NA,NA,NA,NA,NA,NA,NA,NA,NA,NA,NA,NA,NA,NA,NA,NA,NA,0,0,0,0
"144","513_Fm2_m_Marginal","Lek3_2021_513_m","ODb|YDb","Unpaired","Marginal","Black/gray",NA,"Fm2","m",513,8,"4","2_Lek3_4","2_Lek3",0,0,0,0,5,83.3,0,0,0,0,0,0,0,0,0,0,0,0,0,0,0,0,0,0,0,0,0,2,0,2,NA,NA,NA,NA,47,1769,37.24,34.04,47,1768.552,37.24,34.04,NA,NA,NA,NA,NA,NA,NA,NA,NA,NA,NA,NA,0,0,0,0
"145","514_Fm1_a_Satellite","Lek2_2021_514_a","ODb|YG","Paired","Satellite","Black/w spots",NA,"Fm1","a",514,9,"4","2_Lek2_4","2_Lek2",0,0,0,0,0,0,0,0,0,0,0,0,0,0,0,0,0,0,0,0,0,0,0,0,NA,NA,NA,NA,0,1,NA,NA,NA,NA,NA,NA,NA,NA,NA,NA,NA,NA,NA,NA,NA,NA,NA,NA,NA,NA,NA,NA,NA,NA,NA,NA,NA,0
"146","514_Fm1_a_Satellite","Lek2_2021_514_a","ODb|YG","Unpaired","Satellite","Black/w spots",NA,"Fm1","a",514,9,"4","2_Lek2_4","2_Lek2",0,0,0,0,0,0,0,0,0,0,0,0,0,0,0,0,0,0,0,0,0,0,0,0,0,0,0,NA,0,1,NA,NA,NA,NA,NA,NA,NA,NA,NA,NA,NA,NA,NA,NA,NA,NA,NA,NA,NA,NA,NA,NA,NA,NA,0,0,0,0
"147","514_Fm1_a_Satellite","Lek2_2021_514_a","RG|LbDb","Paired","Satellite","white",NA,"Fm1","a",514,9,"4","2_Lek2_4","2_Lek2",0,0,0,0,0,0,0,0,0,0,0,0,0,0,0,0,0,0,0,0,0,0,0,0,NA,NA,NA,NA,0,2,NA,NA,NA,NA,NA,NA,NA,NA,NA,NA,NA,NA,NA,NA,NA,NA,NA,NA,NA,NA,NA,NA,NA,NA,NA,NA,NA,0
"148","514_Fm1_a_Satellite","Lek2_2021_514_a","RG|LbDb","Unpaired","Satellite","white",NA,"Fm1","a",514,9,"4","2_Lek2_4","2_Lek2",0,0,0,0,5,83.3,0,0,0,0,0,0,0,0,0,0,0,0,0,0,0,0,0,0,0,0,0,2,0,2,NA,NA,NA,NA,NA,NA,NA,NA,NA,NA,NA,NA,NA,NA,NA,NA,NA,NA,NA,NA,NA,NA,NA,NA,0,0,0,0
"149","514_Fm1_a_Satellite","Lek2_2021_514_a","YO|OO","Paired","Satellite","Black",NA,"Fm1","a",514,9,"4","2_Lek2_4","2_Lek2",0,0,0,0,0,0,0,0,0,0,0,0,0,0,0,0,0,0,0,0,0,0,0,0,NA,NA,NA,NA,0,3,NA,NA,NA,NA,NA,NA,NA,NA,NA,NA,NA,NA,NA,NA,NA,NA,NA,NA,NA,NA,NA,NA,NA,NA,NA,NA,NA,0
"150","514_Fm1_a_Satellite","Lek2_2021_514_a","YO|OO","Unpaired","Satellite","Black",NA,"Fm1","a",514,9,"4","2_Lek2_4","2_Lek2",0,0,0,0,5,83.3,0,0,0,0,0,0,0,0,0,0,0,0,0,0,0,0,0,0,0,0,0,3,0,3,NA,NA,NA,NA,NA,NA,NA,NA,NA,NA,NA,NA,NA,NA,NA,NA,NA,NA,NA,NA,NA,NA,NA,NA,0,0,0,0
"151","514_Fm1_m_Marginal","Lek1_2021_514_m","DbLb|RLb","Unpaired","Marginal","White/black",NA,"Fm1","m",514,9,"4","2_Lek1_4","2_Lek1",0,0,0,0,6,100,0,0,0,0,0,0,0,0,0,0,0,0,0,0,0,0,0,0,0,0,0,3,0,1,NA,NA,NA,NA,14,1771,113.83,188.97,14,1770.868,113.83,188.97,NA,NA,NA,NA,NA,NA,NA,NA,NA,NA,NA,NA,0,0,0,0
"152","514_Fm1_m_Marginal","Lek1_2021_514_m","GLb|GY","Unpaired","Marginal","brown black",NA,"Fm1","m",514,9,"4","2_Lek1_4","2_Lek1",0,0,0,0,5,83.3,0,0,0,0,0,0,0,0,0,0,0,0,0,0,0,0,0,0,0,0,0,2,0,3,NA,NA,NA,NA,NA,NA,NA,NA,NA,NA,NA,NA,NA,NA,NA,NA,NA,NA,NA,NA,NA,NA,NA,NA,0,0,0,0
"153","514_Fm1_m_Marginal","Lek1_2021_514_m","XO|XX","Unpaired","Marginal","black/grey/beige",NA,"Fm1","m",514,9,"4","2_Lek1_4","2_Lek1",0,0,0,0,0,0,0,0,0,0,0,0,0,0,0,0,0,0,0,0,0,0,0,0,0,0,0,NA,0,2,NA,NA,NA,NA,NA,NA,NA,NA,NA,NA,NA,NA,NA,NA,NA,NA,NA,NA,NA,NA,NA,NA,NA,NA,0,0,0,0
"154","514_Fm2_a_Marginal","Lek3_2021_514_a","DbLb|DbP","Unpaired","Marginal","black/beige",NA,"Fm2","a",514,9,"4","2_Lek3_4","2_Lek3",4,21,1,1499.534,6,100,3,3,0,0,0,0,8,0,1,8,0,0,3,24,8,8,1,1,8,8,1,3,316.4,1,NA,NA,NA,NA,58,1636,24.27,17.6,58,1636.092,24.27,17.6,NA,NA,NA,NA,NA,NA,NA,NA,NA,NA,NA,NA,0,0,0,1
"155","514_Fm2_a_Marginal","Lek3_2021_514_a","DbLb|OY","Unpaired","Marginal","Brown/white",NA,"Fm2","a",514,9,"4","2_Lek3_4","2_Lek3",0,0,0,0,6,100,0,0,0,0,0,0,0,0,0,0,0,0,0,0,0,0,0,0,0,0,0,2,0,3,NA,NA,NA,NA,NA,NA,NA,NA,NA,NA,NA,NA,NA,NA,NA,NA,NA,NA,NA,NA,NA,NA,NA,NA,0,0,0,1
"156","514_Fm2_a_Marginal","Lek3_2021_514_a","ODb|YDb","Unpaired","Marginal","Black/gray",NA,"Fm2","a",514,9,"4","2_Lek3_4","2_Lek3",0,0,0,0,6,100,0,0,0,0,0,0,0,0,0,0,0,0,0,0,0,0,0,0,0,0,0,3,0,2,NA,NA,NA,NA,NA,NA,NA,NA,NA,NA,NA,NA,NA,NA,NA,NA,NA,NA,NA,NA,NA,NA,NA,NA,0,0,0,1
"157","514_Fm2_m_Satellite","Lek4_2021_514_m","DbLb|LbY","Paired","Satellite","black/red face",NA,"Fm2","m",514,9,"4","2_Lek4_4","2_Lek4",0,0,0,0,0,0,0,0,0,0,0,0,0,0,0,0,0,0,0,0,0,0,0,0,NA,NA,NA,NA,0,3,NA,NA,NA,NA,NA,NA,NA,NA,NA,NA,NA,NA,NA,NA,NA,NA,NA,NA,NA,NA,NA,NA,NA,NA,NA,NA,NA,0
"158","514_Fm2_m_Satellite","Lek4_2021_514_m","DbLb|LbY","Unpaired","Satellite","black/red face",NA,"Fm2","m",514,9,"4","2_Lek4_4","2_Lek4",0,0,0,0,3,50,0,0,0,0,0,0,0,0,0,0,0,0,0,0,0,0,0,0,0,0,0,2,0,3,NA,NA,NA,NA,NA,NA,NA,NA,NA,NA,NA,NA,NA,NA,NA,NA,NA,NA,NA,NA,NA,NA,NA,NA,0,0,0,0
"159","514_Fm2_m_Satellite","Lek4_2021_514_m","GO|LbY","Paired","Satellite","Grey Tiger",NA,"Fm2","m",514,9,"4","2_Lek4_4","2_Lek4",0,0,0,0,0,0,0,0,0,0,0,0,0,0,0,0,0,0,0,0,0,0,0,0,NA,NA,NA,NA,0,2,NA,NA,NA,NA,NA,NA,NA,NA,NA,NA,NA,NA,NA,NA,NA,NA,NA,NA,NA,NA,NA,NA,NA,NA,NA,NA,NA,0
"160","514_Fm2_m_Satellite","Lek4_2021_514_m","GO|LbY","Unpaired","Satellite","Grey Tiger",NA,"Fm2","m",514,9,"4","2_Lek4_4","2_Lek4",0,0,0,0,4,66.7,0,0,0,0,0,0,0,0,0,0,0,0,0,0,0,0,0,0,0,0,0,2,0,2,NA,NA,NA,NA,NA,NA,NA,NA,NA,NA,NA,NA,NA,NA,NA,NA,NA,NA,NA,NA,NA,NA,NA,NA,0,0,0,0
"161","514_Fm2_m_Satellite","Lek4_2021_514_m","YO|OLB","Paired","Satellite","black/beige",NA,"Fm2","m",514,9,"4","2_Lek4_4","2_Lek4",2,4,1,678.715,5,83.3,0,0,0,0,0,0,0,0,0,0,0,0,1,2,0,0,0,0,NA,NA,NA,3,559.5,1,96,1499,16,9.02,13,195,15.58,13.88,13,194.902,15.58,13.88,NA,NA,NA,NA,NA,NA,NA,NA,2,1782.73,891.36,NA,NA,NA,NA,0
"162","514_Fm2_m_Satellite","Lek4_2021_514_m","YO|OLB","Unpaired","Satellite","black/beige",NA,"Fm2","m",514,9,"4","2_Lek4_4","2_Lek4",0,0,0,0,1,16.7,0,0,0,0,0,0,0,0,0,0,0,0,0,0,0,0,0,0,0,0,0,NA,0,1,NA,NA,NA,NA,3,14,4.75,NA,1,4.749,4.75,NA,1,3.746,3.75,NA,1,5.753,5.75,NA,NA,NA,NA,NA,0,0,0,0
"163","515_Fm1_a_Satellite","Lek1_2021_515_a","DbLb|RLb","Paired","Satellite","White/black",NA,"Fm1","a",515,10,"4","2_Lek1_4","2_Lek1",0,0,0,0,0,0,0,0,0,0,0,0,0,0,0,0,0,0,0,0,0,0,0,0,NA,NA,NA,NA,0,1,12,251,24,10.13,4,29,7.19,1.95,4,28.746,7.19,1.95,NA,NA,NA,NA,NA,NA,NA,NA,3,296.297,89.01,39.48,NA,NA,NA,0
"164","515_Fm1_a_Satellite","Lek1_2021_515_a","DbLb|RLb","Unpaired","Satellite","White/black",NA,"Fm1","a",515,10,"4","2_Lek1_4","2_Lek1",0,0,0,0,0,0,0,0,0,0,0,0,0,0,0,0,0,0,0,0,0,0,0,0,0,0,0,NA,0,1,NA,NA,NA,NA,54,1314,16.9033333333333,17.59,29,940.997,25.58,27.69,21,315.759,13.34,9.81,4,57.253,11.79,15.27,NA,NA,NA,NA,0,0,0,0
"165","515_Fm1_a_Satellite","Lek1_2021_515_a","GLb|GY","Paired","Satellite","brown black",NA,"Fm1","a",515,10,"4","2_Lek1_4","2_Lek1",0,0,0,0,0,0,0,0,0,0,0,0,0,0,0,0,0,0,0,0,0,0,0,0,NA,NA,NA,NA,0,3,NA,NA,NA,NA,NA,NA,NA,NA,NA,NA,NA,NA,NA,NA,NA,NA,NA,NA,NA,NA,NA,NA,NA,NA,NA,NA,NA,0
"166","515_Fm1_a_Satellite","Lek1_2021_515_a","GLb|GY","Unpaired","Satellite","brown black",NA,"Fm1","a",515,10,"4","2_Lek1_4","2_Lek1",0,0,0,0,5,83.3,0,0,0,0,0,0,0,0,0,0,0,0,0,0,0,0,0,0,0,0,0,3,0,3,NA,NA,NA,NA,NA,NA,NA,NA,NA,NA,NA,NA,NA,NA,NA,NA,NA,NA,NA,NA,NA,NA,NA,NA,0,0,0,0
"167","515_Fm1_a_Satellite","Lek1_2021_515_a","XO|XX","Paired","Satellite","black/grey/beige",NA,"Fm1","a",515,10,"4","2_Lek1_4","2_Lek1",0,0,0,0,0,0,0,0,0,0,0,0,0,0,0,0,0,0,0,0,0,0,0,0,NA,NA,NA,NA,0,2,NA,NA,NA,NA,NA,NA,NA,NA,NA,NA,NA,NA,NA,NA,NA,NA,NA,NA,NA,NA,NA,NA,NA,NA,NA,NA,NA,0
"168","515_Fm1_a_Satellite","Lek1_2021_515_a","XO|XX","Unpaired","Satellite","black/grey/beige",NA,"Fm1","a",515,10,"4","2_Lek1_4","2_Lek1",0,0,0,0,1,16.7,0,0,0,0,0,0,0,0,0,0,0,0,0,0,0,0,0,0,0,0,0,1,0,2,NA,NA,NA,NA,NA,NA,NA,NA,NA,NA,NA,NA,NA,NA,NA,NA,NA,NA,NA,NA,NA,NA,NA,NA,0,0,0,0
"169","515_Fm1_m_Marginal","Lek2_2021_515_m","ODb|YG","Unpaired","Marginal","Black/w spots",NA,"Fm1","m",515,10,"4","2_Lek2_4","2_Lek2",0,0,0,0,1,16.7,0,0,0,0,0,0,0,0,0,0,0,0,0,0,0,0,0,0,0,0,0,1,0,1,NA,NA,NA,NA,NA,NA,NA,NA,NA,NA,NA,NA,NA,NA,NA,NA,NA,NA,NA,NA,NA,NA,NA,NA,0,0,0,0
"170","515_Fm1_m_Marginal","Lek2_2021_515_m","RG|LbDb","Unpaired","Marginal","white",NA,"Fm1","m",515,10,"4","2_Lek2_4","2_Lek2",0,0,0,0,1,16.7,0,0,0,0,0,0,0,0,0,0,0,0,0,0,0,0,0,0,0,0,0,1,0,2,NA,NA,NA,NA,NA,NA,NA,NA,NA,NA,NA,NA,NA,NA,NA,NA,NA,NA,NA,NA,NA,NA,NA,NA,0,0,0,0
"171","515_Fm1_m_Marginal","Lek2_2021_515_m","YO|OO","Unpaired","Marginal","Black",NA,"Fm1","m",515,10,"4","2_Lek2_4","2_Lek2",0,0,0,0,5,83.3,0,0,0,0,0,0,0,0,0,0,0,0,0,0,0,0,0,0,0,0,0,3,0,3,NA,NA,NA,NA,53,1665,30.49,23.64,53,1665.487,30.49,23.64,NA,NA,NA,NA,NA,NA,NA,NA,NA,NA,NA,NA,0,0,0,0
"172","515_Fm2_a_Marginal","Lek4_2021_515_a","DbLb|LbY","Unpaired","Marginal","black/red face",NA,"Fm2","a",515,10,"4","2_Lek4_4","2_Lek4",0,0,0,0,3,50,0,0,0,0,0,0,0,0,0,0,0,0,0,0,0,0,0,0,0,0,0,2,0,3,NA,NA,NA,NA,NA,NA,NA,NA,NA,NA,NA,NA,NA,NA,NA,NA,NA,NA,NA,NA,NA,NA,NA,NA,0,0,0,0
"173","515_Fm2_a_Marginal","Lek4_2021_515_a","GO|LbY","Unpaired","Marginal","Grey Tiger",NA,"Fm2","a",515,10,"4","2_Lek4_4","2_Lek4",0,0,0,0,2,33.3,0,0,0,0,0,0,0,0,0,0,0,0,0,0,0,0,0,0,0,0,0,2,0,2,NA,NA,NA,NA,NA,NA,NA,NA,NA,NA,NA,NA,NA,NA,NA,NA,NA,NA,NA,NA,NA,NA,NA,NA,0,0,0,0
"174","515_Fm2_a_Marginal","Lek4_2021_515_a","YO|OLB","Unpaired","Marginal","black/beige",NA,"Fm2","a",515,10,"4","2_Lek4_4","2_Lek4",1,2,1,100.605,6,100,0,0,0,0,0,0,0,0,0,0,0,0,1,1,0,0,0,0,0,0,0,3,72.9,1,NA,NA,NA,NA,64,1727,26.98,26.85,64,1726.52,26.98,26.85,NA,NA,NA,NA,NA,NA,NA,NA,NA,NA,NA,NA,0,0,0,0
"175","515_Fm2_m_Satellite","Lek3_2021_515_m","DbLb|DbP","Paired","Satellite","black/beige",NA,"Fm2","m",515,10,"4","2_Lek3_4","2_Lek3",3,14,1,1034.851,0,0,0,0,0,0,0,0,0,0,0,0,0,0,2,11,0,0,0,0,NA,NA,NA,NA,359.9,1,45,747,8,8.27,8,123,11.87,6.25,8,122.991,11.87,6.25,NA,NA,NA,NA,NA,NA,NA,NA,7,1009.949,149.29,64.62,NA,NA,NA,0
"176","515_Fm2_m_Satellite","Lek3_2021_515_m","DbLb|DbP","Unpaired","Satellite","black/beige",NA,"Fm2","m",515,10,"4","2_Lek3_4","2_Lek3",2,6,1,256.601,6,100,0,0,0,0,0,0,0,0,0,0,1,1,1,11,1,0,0,0,0,0,0,3,170.4,1,NA,NA,NA,NA,36,654,14.3866666666667,13.63,32,597.045,18.71,18.42,1,4.245,4.24,NA,3,52.66,20.21,8.84,NA,NA,NA,NA,0,0,0,0
"177","515_Fm2_m_Satellite","Lek3_2021_515_m","DbLb|OY","Paired","Satellite","Brown/white",NA,"Fm2","m",515,10,"4","2_Lek3_4","2_Lek3",2,2,1,39.066,0,0,0,0,0,0,0,0,0,0,0,0,0,0,0,0,0,0,0,0,NA,NA,NA,NA,19.5,2,5,52,10,1.27,NA,NA,NA,NA,NA,NA,NA,NA,NA,NA,NA,NA,NA,NA,NA,NA,2,77.534,38.77,37.93,NA,NA,NA,0
"178","515_Fm2_m_Satellite","Lek3_2021_515_m","DbLb|OY","Unpaired","Satellite","Brown/white",NA,"Fm2","m",515,10,"4","2_Lek3_4","2_Lek3",0,0,0,0,4,66.7,0,0,0,0,0,0,0,0,0,0,0,0,0,0,0,0,0,0,0,0,0,2,0,2,1,19,19,NA,46,1730,29.44,29.7266666666667,32,1436.301,43.6,54.45,14,293.856,22.36,17.365,NA,NA,NA,NA,NA,NA,NA,NA,0,0,0,0
"179","515_Fm2_m_Satellite","Lek3_2021_515_m","ODb|YDb","Paired","Satellite","Black/gray",NA,"Fm2","m",515,10,"4","2_Lek3_4","2_Lek3",0,0,0,0,0,0,0,0,0,0,0,0,0,0,0,0,0,0,0,0,0,0,0,0,NA,NA,NA,NA,0,3,NA,NA,NA,NA,NA,NA,NA,NA,NA,NA,NA,NA,NA,NA,NA,NA,NA,NA,NA,NA,NA,NA,NA,NA,NA,NA,NA,0
"180","515_Fm2_m_Satellite","Lek3_2021_515_m","ODb|YDb","Unpaired","Satellite","Black/gray",NA,"Fm2","m",515,10,"4","2_Lek3_4","2_Lek3",0,0,0,0,6,100,0,0,0,0,0,0,0,0,0,0,0,0,0,0,0,0,0,0,0,0,0,2,0,3,NA,NA,NA,NA,2,15,7.32,6.03,NA,NA,NA,NA,2,14.636,7.32,6.03,NA,NA,NA,NA,NA,NA,NA,NA,0,0,0,0
"181","516_Fm1_a_Marginal","Lek2_2021_516_a","ODb|YG","Unpaired","Marginal","Black/w spots",NA,"Fm1","a",516,11,"4","2_Lek2_4","2_Lek2",0,0,0,0,0,0,0,0,0,0,0,0,0,0,0,0,0,0,0,0,0,0,0,0,0,0,0,NA,0,1,NA,NA,NA,NA,NA,NA,NA,NA,NA,NA,NA,NA,NA,NA,NA,NA,NA,NA,NA,NA,NA,NA,NA,NA,0,0,0,0
"182","516_Fm1_a_Marginal","Lek2_2021_516_a","RG|LbDb","Unpaired","Marginal","white",NA,"Fm1","a",516,11,"4","2_Lek2_4","2_Lek2",0,0,0,0,2,33.3,0,0,0,0,0,0,0,0,0,0,0,0,0,0,0,0,0,0,0,0,0,1,0,2,NA,NA,NA,NA,NA,NA,NA,NA,NA,NA,NA,NA,NA,NA,NA,NA,NA,NA,NA,NA,NA,NA,NA,NA,0,0,0,0
"183","516_Fm1_a_Marginal","Lek2_2021_516_a","YO|OO","Unpaired","Marginal","Black",NA,"Fm1","a",516,11,"4","2_Lek2_4","2_Lek2",0,0,0,0,3,50,0,0,0,0,0,0,0,0,0,0,0,0,0,0,0,0,0,0,0,0,0,1,0,3,NA,NA,NA,NA,NA,NA,NA,NA,NA,NA,NA,NA,NA,NA,NA,NA,NA,NA,NA,NA,NA,NA,NA,NA,0,0,0,0
"184","516_Fm1_m_Satellite","Lek1_2021_516_m","DbLb|RLb","Paired","Satellite","White/black",NA,"Fm1","m",516,11,"4","2_Lek1_4","2_Lek1",0,0,0,0,2,33.3,0,0,0,0,0,0,0,0,0,0,0,0,0,0,0,0,0,0,NA,NA,NA,2,0,1,9,230,26,24.47,1,7,6.75,NA,1,6.749,6.75,NA,NA,NA,NA,NA,NA,NA,NA,NA,8,261.064,30.29,25.09,NA,NA,NA,0
"185","516_Fm1_m_Satellite","Lek1_2021_516_m","DbLb|RLb","Unpaired","Satellite","White/black",NA,"Fm1","m",516,11,"4","2_Lek1_4","2_Lek1",0,0,0,0,4,66.7,0,0,0,0,0,0,0,0,0,0,0,0,0,0,0,0,0,0,0,0,0,1,0,1,NA,NA,NA,NA,23,1455,55.8566666666667,59.51,7,395.502,56.5,52.01,14,976.739,69.77,85.42,2,82.6,41.3,41.1,NA,NA,NA,NA,0,0,0,0
"186","516_Fm1_m_Satellite","Lek1_2021_516_m","GLb|GY","Paired","Satellite","brown black",NA,"Fm1","m",516,11,"4","2_Lek1_4","2_Lek1",0,0,0,0,0,0,0,0,0,0,0,0,0,0,0,0,0,0,0,0,0,0,0,0,NA,NA,NA,NA,0,3,NA,NA,NA,NA,NA,NA,NA,NA,NA,NA,NA,NA,NA,NA,NA,NA,NA,NA,NA,NA,NA,NA,NA,NA,NA,NA,NA,0
"187","516_Fm1_m_Satellite","Lek1_2021_516_m","GLb|GY","Unpaired","Satellite","brown black",NA,"Fm1","m",516,11,"4","2_Lek1_4","2_Lek1",0,0,0,0,1,16.7,0,0,0,0,0,0,0,0,0,0,0,0,0,0,0,0,0,0,0,0,0,1,0,3,NA,NA,NA,NA,NA,NA,NA,NA,NA,NA,NA,NA,NA,NA,NA,NA,NA,NA,NA,NA,NA,NA,NA,NA,0,0,0,0
"188","516_Fm1_m_Satellite","Lek1_2021_516_m","XO|XX","Paired","Satellite","black/grey/beige",NA,"Fm1","m",516,11,"4","2_Lek1_4","2_Lek1",0,0,0,0,0,0,0,0,0,0,0,0,0,0,0,0,0,0,0,0,0,0,0,0,NA,NA,NA,NA,0,2,NA,NA,NA,NA,NA,NA,NA,NA,NA,NA,NA,NA,NA,NA,NA,NA,NA,NA,NA,NA,NA,NA,NA,NA,NA,NA,NA,0
"189","516_Fm1_m_Satellite","Lek1_2021_516_m","XO|XX","Unpaired","Satellite","black/grey/beige",NA,"Fm1","m",516,11,"4","2_Lek1_4","2_Lek1",0,0,0,0,0,0,0,0,0,0,0,0,0,0,0,0,0,0,0,0,0,0,0,0,0,0,0,NA,0,2,NA,NA,NA,NA,NA,NA,NA,NA,NA,NA,NA,NA,NA,NA,NA,NA,NA,NA,NA,NA,NA,NA,NA,NA,0,0,0,0
"190","516_Fm2_a_Satellite","Lek3_2021_516_a","DbLb|DbP","Paired","Satellite","black/beige",NA,"Fm2","a",516,11,"4","2_Lek3_4","2_Lek3",1,2,1,58.778,1,16.7,0,0,0,0,0,0,0,0,0,0,0,0,1,2,0,0,0,0,NA,NA,NA,NA,52.6,1,5,64,8,17.52,4,54,11.42,7.63,4,54.203,11.42,7.63,NA,NA,NA,NA,NA,NA,NA,NA,3,171.135,57.05,NA,NA,NA,NA,1
"191","516_Fm2_a_Satellite","Lek3_2021_516_a","DbLb|DbP","Unpaired","Satellite","black/beige",NA,"Fm2","a",516,11,"4","2_Lek3_4","2_Lek3",3,20,1,1324.406,5,83.3,2,2,0,0,0,1,3,1,1,4,1,3,3,17,7,4,1,1,3,4,1,3,435.6,1,NA,NA,NA,NA,47,1502,15.2766666666667,29.05,45,1480.46,24.33,29.05,1,1.751,1.75,NA,1,19.745,19.75,NA,NA,NA,NA,NA,6,248.897,1,1
"192","516_Fm2_a_Satellite","Lek3_2021_516_a","DbLb|OY","Paired","Satellite","Brown/white",NA,"Fm2","a",516,11,"4","2_Lek3_4","2_Lek3",0,0,0,0,0,0,0,0,0,0,0,0,0,0,0,0,0,0,0,0,0,0,0,0,NA,NA,NA,NA,0,2,2,18,9,9.4,NA,NA,NA,NA,NA,NA,NA,NA,NA,NA,NA,NA,NA,NA,NA,NA,NA,NA,NA,NA,NA,NA,NA,1
"193","516_Fm2_a_Satellite","Lek3_2021_516_a","DbLb|OY","Unpaired","Satellite","Brown/white",NA,"Fm2","a",516,11,"4","2_Lek3_4","2_Lek3",0,0,0,0,6,100,0,0,0,0,0,0,0,0,0,0,0,0,0,0,0,0,0,0,0,0,0,3,0,2,NA,NA,NA,NA,1,10,9.53,NA,NA,NA,NA,NA,1,9.531,9.53,NA,NA,NA,NA,NA,NA,NA,NA,NA,0,0,0,1
"194","516_Fm2_a_Satellite","Lek3_2021_516_a","ODb|YDb","Paired","Satellite","Black/gray",NA,"Fm2","a",516,11,"4","2_Lek3_4","2_Lek3",1,2,1,22.417,0,0,0,0,0,0,0,0,0,0,0,0,0,0,0,0,0,0,0,0,NA,NA,NA,NA,19,3,1,11,11,NA,1,5,5.25,NA,NA,NA,NA,NA,1,5.25,5.25,NA,NA,NA,NA,NA,NA,NA,NA,NA,NA,NA,NA,1
"195","516_Fm2_a_Satellite","Lek3_2021_516_a","ODb|YDb","Unpaired","Satellite","Black/gray",NA,"Fm2","a",516,11,"4","2_Lek3_4","2_Lek3",1,1,1,21.462,2,33.3,0,0,0,0,0,0,0,0,0,0,0,0,0,0,0,0,0,0,0,0,0,2,21.5,3,NA,NA,NA,NA,3,216,72,59.6,NA,NA,NA,NA,3,215.987,72,59.6,NA,NA,NA,NA,NA,NA,NA,NA,0,0,0,1
"196","516_Fm2_m_Marginal","Lek4_2021_516_m","DbLb|LbY","Unpaired","Marginal","black/red face",NA,"Fm2","m",516,11,"4","2_Lek4_4","2_Lek4",0,0,0,0,4,66.7,0,0,0,0,0,0,0,0,0,0,0,0,0,0,0,0,0,0,0,0,0,2,0,3,NA,NA,NA,NA,NA,NA,NA,NA,NA,NA,NA,NA,NA,NA,NA,NA,NA,NA,NA,NA,NA,NA,NA,NA,0,0,0,1
"197","516_Fm2_m_Marginal","Lek4_2021_516_m","GO|LbY","Unpaired","Marginal","Grey Tiger",NA,"Fm2","m",516,11,"4","2_Lek4_4","2_Lek4",0,0,0,0,5,83.3,0,0,0,0,0,0,0,0,0,0,0,0,0,0,0,0,0,0,0,0,0,3,0,2,NA,NA,NA,NA,NA,NA,NA,NA,NA,NA,NA,NA,NA,NA,NA,NA,NA,NA,NA,NA,NA,NA,NA,NA,0,0,0,1
"198","516_Fm2_m_Marginal","Lek4_2021_516_m","YO|OLB","Unpaired","Marginal","black/beige",NA,"Fm2","m",516,11,"4","2_Lek4_4","2_Lek4",4,6,1,324.095,6,100,1,1,0,0,0,0,3,0,1,3,0,0,1,3,3,3,1,1,3,3,1,3,142.4,1,NA,NA,NA,NA,NA,NA,NA,NA,NA,NA,NA,NA,NA,NA,NA,NA,NA,NA,NA,NA,NA,NA,NA,NA,0,0,0,1
"199","517_Fm1_a_Satellite","Lek1_2021_517_a","DbLb|RLb","Paired","Satellite","White/black",NA,"Fm1","a",517,12,"4","2_Lek1_4","2_Lek1",0,0,0,0,0,0,0,0,0,0,0,0,0,0,0,0,0,0,0,0,0,0,0,0,NA,NA,NA,NA,0,1,2,26,13,1.86,NA,NA,NA,NA,NA,NA,NA,NA,NA,NA,NA,NA,NA,NA,NA,NA,1,39.079,39.08,NA,NA,NA,NA,0
"200","517_Fm1_a_Satellite","Lek1_2021_517_a","DbLb|RLb","Unpaired","Satellite","White/black",NA,"Fm1","a",517,12,"4","2_Lek1_4","2_Lek1",0,0,0,0,6,100,0,0,0,0,0,0,0,0,0,0,0,0,0,0,0,0,0,0,0,0,0,2,0,1,NA,NA,NA,NA,30,1700,56.365,45.24,14,725.422,51.82,39.1,16,974.49,60.91,51.38,NA,NA,NA,NA,NA,NA,NA,NA,0,0,0,0
"201","517_Fm1_a_Satellite","Lek1_2021_517_a","GLb|GY","Paired","Satellite","brown black",NA,"Fm1","a",517,12,"4","2_Lek1_4","2_Lek1",0,0,0,0,0,0,0,0,0,0,0,0,0,0,0,0,0,0,0,0,0,0,0,0,NA,NA,NA,NA,0,3,NA,NA,NA,NA,NA,NA,NA,NA,NA,NA,NA,NA,NA,NA,NA,NA,NA,NA,NA,NA,NA,NA,NA,NA,NA,NA,NA,0
"202","517_Fm1_a_Satellite","Lek1_2021_517_a","GLb|GY","Unpaired","Satellite","brown black",NA,"Fm1","a",517,12,"4","2_Lek1_4","2_Lek1",0,0,0,0,0,0,0,0,0,0,0,0,0,0,0,0,0,0,0,0,0,0,0,0,0,0,0,NA,0,3,NA,NA,NA,NA,NA,NA,NA,NA,NA,NA,NA,NA,NA,NA,NA,NA,NA,NA,NA,NA,NA,NA,NA,NA,0,0,0,0
"203","517_Fm1_a_Satellite","Lek1_2021_517_a","XO|XX","Paired","Satellite","black/grey/beige",NA,"Fm1","a",517,12,"4","2_Lek1_4","2_Lek1",0,0,0,0,0,0,0,0,0,0,0,0,0,0,0,0,0,0,0,0,0,0,0,0,NA,NA,NA,NA,0,2,NA,NA,NA,NA,NA,NA,NA,NA,NA,NA,NA,NA,NA,NA,NA,NA,NA,NA,NA,NA,NA,NA,NA,NA,NA,NA,NA,0
"204","517_Fm1_a_Satellite","Lek1_2021_517_a","XO|XX","Unpaired","Satellite","black/grey/beige",NA,"Fm1","a",517,12,"4","2_Lek1_4","2_Lek1",0,0,0,0,0,0,0,0,0,0,0,0,0,0,0,0,0,0,0,0,0,0,0,0,0,0,0,NA,0,2,NA,NA,NA,NA,NA,NA,NA,NA,NA,NA,NA,NA,NA,NA,NA,NA,NA,NA,NA,NA,NA,NA,NA,NA,0,0,0,0
"205","517_Fm1_m_Marginal","Lek2_2021_517_m","ODb|YG","Unpaired","Marginal","Black/w spots",NA,"Fm1","m",517,12,"4","2_Lek2_4","2_Lek2",0,0,0,0,0,0,0,0,0,0,0,0,0,0,0,0,0,0,0,0,0,0,0,0,0,0,0,NA,0,1,NA,NA,NA,NA,36,1653,51.59,56.64,36,1653.235,51.59,56.64,NA,NA,NA,NA,NA,NA,NA,NA,NA,NA,NA,NA,0,0,0,0
"206","517_Fm1_m_Marginal","Lek2_2021_517_m","RG|LbDb","Unpaired","Marginal","white",NA,"Fm1","m",517,12,"4","2_Lek2_4","2_Lek2",0,0,0,0,3,50,0,0,0,0,0,0,0,0,0,0,0,0,0,0,0,0,0,0,0,0,0,1,0,2,NA,NA,NA,NA,NA,NA,NA,NA,NA,NA,NA,NA,NA,NA,NA,NA,NA,NA,NA,NA,NA,NA,NA,NA,0,0,0,0
"207","517_Fm1_m_Marginal","Lek2_2021_517_m","YO|OO","Unpaired","Marginal","Black",NA,"Fm1","m",517,12,"4","2_Lek2_4","2_Lek2",0,0,0,0,6,100,0,0,0,0,0,0,0,0,0,0,0,0,0,0,0,0,0,0,0,0,0,2,0,3,NA,NA,NA,NA,NA,NA,NA,NA,NA,NA,NA,NA,NA,NA,NA,NA,NA,NA,NA,NA,NA,NA,NA,NA,0,0,0,0
"208","517_Fm2_a_Marginal","Lek4_2021_517_a","DbLb|LbY","Unpaired","Marginal","black/red face",NA,"Fm2","a",517,12,"4","2_Lek4_4","2_Lek4",0,0,0,0,0,0,0,0,0,0,0,0,0,0,0,0,0,0,0,0,0,0,0,0,0,0,0,NA,0,3,NA,NA,NA,NA,NA,NA,NA,NA,NA,NA,NA,NA,NA,NA,NA,NA,NA,NA,NA,NA,NA,NA,NA,NA,0,0,0,0
"209","517_Fm2_a_Marginal","Lek4_2021_517_a","GO|LbY","Unpaired","Marginal","Grey Tiger",NA,"Fm2","a",517,12,"4","2_Lek4_4","2_Lek4",0,0,0,0,2,33.3,0,0,0,0,0,0,0,0,0,0,0,0,0,0,0,0,0,0,0,0,0,1,0,2,NA,NA,NA,NA,NA,NA,NA,NA,NA,NA,NA,NA,NA,NA,NA,NA,NA,NA,NA,NA,NA,NA,NA,NA,0,0,0,0
"210","517_Fm2_a_Marginal","Lek4_2021_517_a","YO|OLB","Unpaired","Marginal","black/beige",NA,"Fm2","a",517,12,"4","2_Lek4_4","2_Lek4",1,1,1,13.501,6,100,0,0,0,0,0,0,0,0,0,0,0,0,0,0,0,0,0,0,0,0,0,3,13.5,1,NA,NA,NA,NA,29,1722,49.44,105.24,29,1721.656,49.44,105.24,NA,NA,NA,NA,NA,NA,NA,NA,NA,NA,NA,NA,0,0,0,0
"211","517_Fm2_m_Satellite","Lek3_2021_517_m","DbLb|DbP","Paired","Satellite","black/beige",NA,"Fm2","m",517,12,"4","2_Lek3_4","2_Lek3",2,11,1,412.349,2,33.3,0,0,0,0,0,0,0,0,0,0,0,0,2,5,0,0,0,0,NA,NA,NA,2,94.1,2,25,440,13,10.99,16,980,71.8,138.76,16,980.124,71.8,138.76,NA,NA,NA,NA,NA,NA,NA,NA,3,901.051,300.35,NA,NA,NA,NA,1
"212","517_Fm2_m_Satellite","Lek3_2021_517_m","DbLb|DbP","Unpaired","Satellite","black/beige",NA,"Fm2","m",517,12,"4","2_Lek3_4","2_Lek3",3,14,1,487.072,4,66.7,2,2,0,0,0,0,2,0,1,2,1,1,2,7,3,2,1,1,2,2,1,1,101.3,2,NA,NA,NA,NA,44,720,13.84,12.7,44,719.666,13.84,12.7,NA,NA,NA,NA,NA,NA,NA,NA,NA,NA,NA,NA,0,0,0,1
"213","517_Fm2_m_Satellite","Lek3_2021_517_m","DbLb|OY","Paired","Satellite","Brown/white",NA,"Fm2","m",517,12,"4","2_Lek3_4","2_Lek3",0,0,0,0,1,16.7,0,0,0,0,0,0,0,0,0,0,0,0,0,0,0,0,0,0,NA,NA,NA,1,0,1,1,11,11,NA,NA,NA,NA,NA,NA,NA,NA,NA,NA,NA,NA,NA,NA,NA,NA,NA,NA,NA,NA,NA,NA,NA,NA,1
"214","517_Fm2_m_Satellite","Lek3_2021_517_m","DbLb|OY","Unpaired","Satellite","Brown/white",NA,"Fm2","m",517,12,"4","2_Lek3_4","2_Lek3",0,0,0,0,5,83.3,0,0,0,0,0,0,0,0,0,0,0,0,0,0,0,0,0,0,0,0,0,1,0,1,NA,NA,NA,NA,1,5,5.25,NA,NA,NA,NA,NA,1,5.246,5.25,NA,NA,NA,NA,NA,NA,NA,NA,NA,8,109.028,1,1
"215","517_Fm2_m_Satellite","Lek3_2021_517_m","ODb|YDb","Paired","Satellite","Black/gray",NA,"Fm2","m",517,12,"4","2_Lek3_4","2_Lek3",0,0,0,0,0,0,0,0,0,0,0,0,0,0,0,0,0,0,0,0,0,0,0,0,NA,NA,NA,NA,0,3,NA,NA,NA,NA,3,30,10.15,10.77,NA,NA,NA,NA,3,30.439,10.15,10.77,NA,NA,NA,NA,NA,NA,NA,NA,NA,NA,NA,1
"216","517_Fm2_m_Satellite","Lek3_2021_517_m","ODb|YDb","Unpaired","Satellite","Black/gray",NA,"Fm2","m",517,12,"4","2_Lek3_4","2_Lek3",0,0,0,0,5,83.3,0,0,0,0,0,0,0,0,0,0,0,0,0,0,0,0,0,0,0,0,0,2,0,3,NA,NA,NA,NA,5,71,14.25,16.21,NA,NA,NA,NA,5,71.237,14.25,16.21,NA,NA,NA,NA,NA,NA,NA,NA,0,0,0,1
"217","518_Fm1_a_Satellite","Lek1_2021_518_a","DbLb|DbP","Paired","Satellite","black/beige",NA,"Fm1","a",518,13,"5","3_Lek1_5","3_Lek1",0,0,0,0,0,0,0,0,0,0,0,0,0,0,0,0,0,0,0,0,0,0,0,0,NA,NA,NA,NA,0,3,3,51,17,13.26,NA,NA,NA,NA,NA,NA,NA,NA,NA,NA,NA,NA,NA,NA,NA,NA,NA,NA,NA,NA,NA,NA,NA,1
"218","518_Fm1_a_Satellite","Lek1_2021_518_a","DbLb|DbP","Unpaired","Satellite","black/beige",NA,"Fm1","a",518,13,"5","3_Lek1_5","3_Lek1",0,0,0,0,2,33.3,0,0,0,0,0,0,0,0,0,0,0,0,0,0,0,0,0,0,0,0,0,2,0,3,NA,NA,NA,NA,NA,NA,NA,NA,NA,NA,NA,NA,NA,NA,NA,NA,NA,NA,NA,NA,NA,NA,NA,NA,0,0,0,1
"219","518_Fm1_a_Satellite","Lek1_2021_518_a","GO|LbY","Paired","Satellite","Grey Tiger",NA,"Fm1","a",518,13,"5","3_Lek1_5","3_Lek1",2,5,1,502.899,2,33.3,0,0,0,0,0,0,0,0,0,0,0,0,2,2,0,0,0,0,NA,NA,NA,1,193.8,1,47,882,11,8.45,29,613,18.92,19.81,29,612.656,18.92,19.81,NA,NA,NA,NA,NA,NA,NA,NA,1,1569.607,1569.61,NA,NA,NA,NA,1
"220","518_Fm1_a_Satellite","Lek1_2021_518_a","GO|LbY","Unpaired","Satellite","Grey Tiger",NA,"Fm1","a",518,13,"5","3_Lek1_5","3_Lek1",2,2,1,33.64,3,50,1,1,0,0,0,1,0,1,1,1,0,0,1,1,1,1,0,1,0,1,1,2,18.1,1,NA,NA,NA,NA,19,205,9.65666666666667,8.57,14,152.789,10.18,11.14,2,8.25,4.12,NA,3,44.001,14.67,6,NA,NA,NA,NA,0,0,0,1
"221","518_Fm1_a_Satellite","Lek1_2021_518_a","RG|LbDb","Paired","Satellite","white",NA,"Fm1","a",518,13,"5","3_Lek1_5","3_Lek1",0,0,0,0,0,0,0,0,0,0,0,0,0,0,0,0,0,0,0,0,0,0,0,0,NA,NA,NA,NA,0,2,1,5,5,NA,NA,NA,NA,NA,NA,NA,NA,NA,NA,NA,NA,NA,NA,NA,NA,NA,NA,NA,NA,NA,NA,NA,NA,1
"222","518_Fm1_a_Satellite","Lek1_2021_518_a","RG|LbDb","Unpaired","Satellite","white",NA,"Fm1","a",518,13,"5","3_Lek1_5","3_Lek1",0,0,0,0,2,33.3,0,0,0,0,0,0,0,0,0,0,0,0,0,0,0,0,0,0,0,0,0,2,0,2,NA,NA,NA,NA,NA,NA,NA,NA,NA,NA,NA,NA,NA,NA,NA,NA,NA,NA,NA,NA,NA,NA,NA,NA,0,0,0,1
"223","518_Fm1_m_Marginal","Lek2_2021_518_m","DbLb|LbY","Unpaired","Marginal","black/red face",NA,"Fm1","m",518,13,"5","3_Lek2_5","3_Lek2",0,0,0,0,6,100,0,0,0,0,0,0,0,0,0,0,0,0,0,0,0,0,0,0,0,0,0,2,0,3,NA,NA,NA,NA,NA,NA,NA,NA,NA,NA,NA,NA,NA,NA,NA,NA,NA,NA,NA,NA,NA,NA,NA,NA,0,0,0,0
"224","518_Fm1_m_Marginal","Lek2_2021_518_m","GLb|GY","Unpaired","Marginal","brown black",NA,"Fm1","m",518,13,"5","3_Lek2_5","3_Lek2",0,0,0,0,4,66.7,0,0,0,0,0,0,0,0,0,0,0,0,0,0,0,0,0,0,0,0,0,1,0,2,NA,NA,NA,NA,46,1388,29.48,34.43,46,1388.043,29.48,34.43,NA,NA,NA,NA,NA,NA,NA,NA,NA,NA,NA,NA,0,0,0,0
"225","518_Fm1_m_Marginal","Lek2_2021_518_m","ODb|YG","Unpaired","Marginal","Black/w spots",NA,"Fm1","m",518,13,"5","3_Lek2_5","3_Lek2",0,0,0,0,0,0,0,0,0,0,0,0,0,0,0,0,0,0,0,0,0,0,0,0,0,0,0,NA,0,1,NA,NA,NA,NA,NA,NA,NA,NA,NA,NA,NA,NA,NA,NA,NA,NA,NA,NA,NA,NA,NA,NA,NA,NA,0,0,0,0
"226","518_Fm2_a_Marginal","Lek4_2021_518_a","DbLb|OY","Unpaired","Marginal","Brown/white",NA,"Fm2","a",518,13,"5","3_Lek4_5","3_Lek4",0,0,0,0,5,83.3,0,0,0,0,0,0,0,0,0,0,0,0,0,0,0,0,0,0,0,0,0,3,0,2,NA,NA,NA,NA,NA,NA,NA,NA,NA,NA,NA,NA,NA,NA,NA,NA,NA,NA,NA,NA,NA,NA,NA,NA,0,0,0,1
"227","518_Fm2_a_Marginal","Lek4_2021_518_a","DbLb|RLb","Unpaired","Marginal","White/black",NA,"Fm2","a",518,13,"5","3_Lek4_5","3_Lek4",0,0,0,0,1,16.7,0,0,0,0,0,0,0,0,0,0,0,0,0,0,0,0,0,0,0,0,0,1,0,3,NA,NA,NA,NA,NA,NA,NA,NA,NA,NA,NA,NA,NA,NA,NA,NA,NA,NA,NA,NA,NA,NA,NA,NA,0,0,0,1
"228","518_Fm2_a_Marginal","Lek4_2021_518_a","YO|OLB","Unpaired","Marginal","black/beige",NA,"Fm2","a",518,13,"5","3_Lek4_5","3_Lek4",4,33,1,1013.524,6,100,2,2,0,0,0,0,6,0,1,6,2,4,2,19,10,6,1,1,6,6,1,3,117,1,NA,NA,NA,NA,121,1653,13.61,13.12,121,1653.232,13.61,13.12,NA,NA,NA,NA,NA,NA,NA,NA,NA,NA,NA,NA,0,0,0,1
"229","518_Fm2_m_Satellite","Lek3_2021_518_m","ODb|YDb","Paired","Satellite","Black/gray",NA,"Fm2","m",518,13,"5","3_Lek3_5","3_Lek3",2,4,1,131.536,4,66.7,0,0,0,0,0,0,0,0,0,0,0,0,0,0,0,0,0,0,NA,NA,NA,1,75.5,1,52,751,11,9.35,25,326,15.33,15.3,25,326.152,15.33,15.3,NA,NA,NA,NA,NA,NA,NA,NA,4,1162.247,290.56,NA,NA,NA,NA,0
"230","518_Fm2_m_Satellite","Lek3_2021_518_m","ODb|YDb","Unpaired","Satellite","Black/gray",NA,"Fm2","m",518,13,"5","3_Lek3_5","3_Lek3",1,1,1,48.833,2,33.3,0,0,0,0,0,0,0,0,0,0,0,0,0,0,0,0,0,0,0,0,0,2,48.8,1,NA,NA,NA,NA,31,589,13.64,14.38,28,566.221,19.81,14.38,3,22.403,7.47,NA,NA,NA,NA,NA,NA,NA,NA,NA,4,46.085,1,0
"231","518_Fm2_m_Satellite","Lek3_2021_518_m","XO|XX","Paired","Satellite","black/grey/beige",NA,"Fm2","m",518,13,"5","3_Lek3_5","3_Lek3",0,0,0,0,0,0,0,0,0,0,0,0,0,0,0,0,0,0,0,0,0,0,0,0,NA,NA,NA,NA,0,2,NA,NA,NA,NA,NA,NA,NA,NA,NA,NA,NA,NA,NA,NA,NA,NA,NA,NA,NA,NA,NA,NA,NA,NA,NA,NA,NA,0
"232","518_Fm2_m_Satellite","Lek3_2021_518_m","XO|XX","Unpaired","Satellite","black/grey/beige",NA,"Fm2","m",518,13,"5","3_Lek3_5","3_Lek3",0,0,0,0,2,33.3,0,0,0,0,0,0,0,0,0,0,0,0,0,0,0,0,0,0,0,0,0,NA,0,2,NA,NA,NA,NA,NA,NA,NA,NA,NA,NA,NA,NA,NA,NA,NA,NA,NA,NA,NA,NA,NA,NA,NA,NA,0,0,0,0
"233","518_Fm2_m_Satellite","Lek3_2021_518_m","YO|OO","Paired","Satellite","Black",NA,"Fm2","m",518,13,"5","3_Lek3_5","3_Lek3",0,0,0,0,0,0,0,0,0,0,0,0,0,0,0,0,0,0,0,0,0,0,0,0,NA,NA,NA,NA,0,3,7,150,21,9.31,NA,NA,NA,NA,NA,NA,NA,NA,NA,NA,NA,NA,NA,NA,NA,NA,NA,NA,NA,NA,NA,NA,NA,0
"234","518_Fm2_m_Satellite","Lek3_2021_518_m","YO|OO","Unpaired","Satellite","Black",NA,"Fm2","m",518,13,"5","3_Lek3_5","3_Lek3",0,0,0,0,5,83.3,0,0,0,0,0,0,0,0,0,0,0,0,0,0,0,0,0,0,0,0,0,2,0,3,NA,NA,NA,NA,1,4,3.75,NA,NA,NA,NA,NA,1,3.748,3.75,NA,NA,NA,NA,NA,NA,NA,NA,NA,0,0,0,0
"235","519_Fm1_a_Marginal","Lek2_2021_519_a","DbLb|LbY","Unpaired","Marginal","black/red face",NA,"Fm1","a",519,14,"5","3_Lek2_5","3_Lek2",0,0,0,0,3,50,0,0,0,0,0,0,0,0,0,0,0,0,0,0,0,0,0,0,0,0,0,2,0,3,NA,NA,NA,NA,NA,NA,NA,NA,NA,NA,NA,NA,NA,NA,NA,NA,NA,NA,NA,NA,NA,NA,NA,NA,0,0,0,0
"236","519_Fm1_a_Marginal","Lek2_2021_519_a","GLb|GY","Unpaired","Marginal","brown black",NA,"Fm1","a",519,14,"5","3_Lek2_5","3_Lek2",0,0,0,0,3,50,0,0,0,0,0,0,0,0,0,0,0,0,0,0,0,0,0,0,0,0,0,2,0,2,NA,NA,NA,NA,25,1715,70.69,105,25,1715.061,70.69,105,NA,NA,NA,NA,NA,NA,NA,NA,NA,NA,NA,NA,0,0,0,0
"237","519_Fm1_a_Marginal","Lek2_2021_519_a","ODb|YG","Unpaired","Marginal","Black/w spots",NA,"Fm1","a",519,14,"5","3_Lek2_5","3_Lek2",0,0,0,0,0,0,0,0,0,0,0,0,0,0,0,0,0,0,0,0,0,0,0,0,0,0,0,NA,0,1,NA,NA,NA,NA,NA,NA,NA,NA,NA,NA,NA,NA,NA,NA,NA,NA,NA,NA,NA,NA,NA,NA,NA,NA,0,0,0,0
"238","519_Fm1_m_Satellite","Lek1_2021_519_m","DbLb|DbP","Paired","Satellite","black/beige",NA,"Fm1","m",519,14,"5","3_Lek1_5","3_Lek1",0,0,0,0,0,0,0,0,0,0,0,0,0,0,0,0,0,0,0,0,0,0,0,0,NA,NA,NA,NA,0,2,1,13,14,NA,NA,NA,NA,NA,NA,NA,NA,NA,NA,NA,NA,NA,NA,NA,NA,NA,NA,NA,NA,NA,NA,NA,NA,0
"239","519_Fm1_m_Satellite","Lek1_2021_519_m","DbLb|DbP","Unpaired","Satellite","black/beige",NA,"Fm1","m",519,14,"5","3_Lek1_5","3_Lek1",0,0,0,0,4,66.7,0,0,0,0,0,0,0,0,0,0,0,0,0,0,0,0,0,0,0,0,0,2,0,2,NA,NA,NA,NA,NA,NA,NA,NA,NA,NA,NA,NA,NA,NA,NA,NA,NA,NA,NA,NA,NA,NA,NA,NA,0,0,0,0
"240","519_Fm1_m_Satellite","Lek1_2021_519_m","GO|LbY","Paired","Satellite","Grey Tiger",NA,"Fm1","m",519,14,"5","3_Lek1_5","3_Lek1",1,1,1,3.88,4,66.7,0,0,0,0,0,0,0,0,0,0,0,0,0,0,0,0,0,0,NA,NA,NA,2,3.9,1,45,649,7,4.63,29,873,21.91,17.06,29,873.44,21.91,17.06,NA,NA,NA,NA,NA,NA,NA,NA,2,1653.962,826.98,NA,NA,NA,NA,0
"241","519_Fm1_m_Satellite","Lek1_2021_519_m","GO|LbY","Unpaired","Satellite","Grey Tiger",NA,"Fm1","m",519,14,"5","3_Lek1_5","3_Lek1",0,0,0,0,2,33.3,0,0,0,0,0,0,0,0,0,0,0,0,0,0,0,0,0,0,0,0,0,NA,0,1,NA,NA,NA,NA,7,122,14.72,9.22,6,107.985,15.44,9.22,NA,NA,NA,NA,1,13.998,14,NA,NA,NA,NA,NA,4,311.522,1,0
"242","519_Fm1_m_Satellite","Lek1_2021_519_m","RG|LbDb","Paired","Satellite","white",NA,"Fm1","m",519,14,"5","3_Lek1_5","3_Lek1",0,0,0,0,0,0,0,0,0,0,0,0,0,0,0,0,0,0,0,0,0,0,0,0,NA,NA,NA,NA,0,3,NA,NA,NA,NA,NA,NA,NA,NA,NA,NA,NA,NA,NA,NA,NA,NA,NA,NA,NA,NA,NA,NA,NA,NA,NA,NA,NA,0
"243","519_Fm1_m_Satellite","Lek1_2021_519_m","RG|LbDb","Unpaired","Satellite","white",NA,"Fm1","m",519,14,"5","3_Lek1_5","3_Lek1",0,0,0,0,1,16.7,0,0,0,0,0,0,0,0,0,0,0,0,0,0,0,0,0,0,0,0,0,1,0,3,NA,NA,NA,NA,NA,NA,NA,NA,NA,NA,NA,NA,NA,NA,NA,NA,NA,NA,NA,NA,NA,NA,NA,NA,0,0,0,0
"244","519_Fm2_a_Satellite","Lek3_2021_519_a","ODb|YDb","Paired","Satellite","Black/gray",NA,"Fm2","a",519,14,"5","3_Lek3_5","3_Lek3",0,0,0,0,2,33.3,0,0,0,0,0,0,0,0,0,0,0,0,0,0,0,0,0,0,NA,NA,NA,1,0,3,1,147,147,NA,NA,NA,NA,NA,NA,NA,NA,NA,NA,NA,NA,NA,NA,NA,NA,NA,NA,NA,NA,NA,NA,NA,NA,0
"245","519_Fm2_a_Satellite","Lek3_2021_519_a","ODb|YDb","Unpaired","Satellite","Black/gray",NA,"Fm2","a",519,14,"5","3_Lek3_5","3_Lek3",1,1,1,161.122,4,66.7,0,0,0,0,0,0,0,0,0,0,0,0,0,0,0,0,0,0,0,0,0,2,161.1,3,NA,NA,NA,NA,4,1365,228.225,663.18,3,1362.2,454.07,663.18,1,2.376,2.38,NA,NA,NA,NA,NA,NA,NA,NA,NA,0,0,0,0
"246","519_Fm2_a_Satellite","Lek3_2021_519_a","XO|XX","Paired","Satellite","black/grey/beige",NA,"Fm2","a",519,14,"5","3_Lek3_5","3_Lek3",0,0,0,0,0,0,0,0,0,0,0,0,0,0,0,0,0,0,0,0,0,0,0,0,NA,NA,NA,NA,0,2,NA,NA,NA,NA,NA,NA,NA,NA,NA,NA,NA,NA,NA,NA,NA,NA,NA,NA,NA,NA,NA,NA,NA,NA,NA,NA,NA,0
"247","519_Fm2_a_Satellite","Lek3_2021_519_a","XO|XX","Unpaired","Satellite","black/grey/beige",NA,"Fm2","a",519,14,"5","3_Lek3_5","3_Lek3",0,0,0,0,0,0,0,0,0,0,0,0,0,0,0,0,0,0,0,0,0,0,0,0,0,0,0,NA,0,2,NA,NA,NA,NA,NA,NA,NA,NA,NA,NA,NA,NA,NA,NA,NA,NA,NA,NA,NA,NA,NA,NA,NA,NA,0,0,0,0
"248","519_Fm2_a_Satellite","Lek3_2021_519_a","YO|OO","Paired","Satellite","Black",NA,"Fm2","a",519,14,"5","3_Lek3_5","3_Lek3",0,0,0,0,0,0,0,0,0,0,0,0,0,0,0,0,0,0,0,0,0,0,0,0,NA,NA,NA,NA,0,1,NA,NA,NA,NA,NA,NA,NA,NA,NA,NA,NA,NA,NA,NA,NA,NA,NA,NA,NA,NA,NA,NA,NA,NA,NA,NA,NA,0
"249","519_Fm2_a_Satellite","Lek3_2021_519_a","YO|OO","Unpaired","Satellite","Black",NA,"Fm2","a",519,14,"5","3_Lek3_5","3_Lek3",0,0,0,0,3,50,0,0,0,0,0,0,0,0,0,0,0,0,0,0,0,0,0,0,0,0,0,2,0,1,NA,NA,NA,NA,6,52,8.71,8.03,NA,NA,NA,NA,6,52.252,8.71,8.03,NA,NA,NA,NA,NA,NA,NA,NA,0,0,0,0
"250","519_Fm2_m_Marginal","Lek4_2021_519_m","DbLb|OY","Unpaired","Marginal","Brown/white",NA,"Fm2","m",519,14,"5","3_Lek4_5","3_Lek4",2,5,1,75.193,6,100,0,0,0,0,0,0,0,0,0,0,0,0,1,1,0,0,0,0,0,0,0,3,19.4,2,NA,NA,NA,NA,NA,NA,NA,NA,NA,NA,NA,NA,NA,NA,NA,NA,NA,NA,NA,NA,NA,NA,NA,NA,0,0,0,1
"251","519_Fm2_m_Marginal","Lek4_2021_519_m","DbLb|RLb","Unpaired","Marginal","White/black",NA,"Fm2","m",519,14,"5","3_Lek4_5","3_Lek4",0,0,0,0,2,33.3,0,0,0,0,0,0,0,0,0,0,0,0,0,0,0,0,0,0,0,0,0,2,0,3,NA,NA,NA,NA,NA,NA,NA,NA,NA,NA,NA,NA,NA,NA,NA,NA,NA,NA,NA,NA,NA,NA,NA,NA,0,0,0,1
"252","519_Fm2_m_Marginal","Lek4_2021_519_m","YO|OLB","Unpaired","Marginal","black/beige",NA,"Fm2","m",519,14,"5","3_Lek4_5","3_Lek4",4,32,1,1081.226,6,100,1,1,0,0,0,0,3,0,1,3,1,2,2,10,5,3,1,1,3,3,1,3,248.6,1,NA,NA,NA,NA,129,1655,17.355,11.14,128,1633.445,12.97,11.14,1,21.744,21.74,NA,NA,NA,NA,NA,NA,NA,NA,NA,0,0,0,1
"253","520_Fm1_a_Satellite","Lek1_2021_520_a","DbLb|DbP","Paired","Satellite","black/beige",NA,"Fm1","a",520,15,"5","3_Lek1_5","3_Lek1",0,0,0,0,0,0,0,0,0,0,0,0,0,0,0,0,0,0,0,0,0,0,0,0,NA,NA,NA,NA,0,1,1,11,11,NA,NA,NA,NA,NA,NA,NA,NA,NA,NA,NA,NA,NA,NA,NA,NA,NA,NA,NA,NA,NA,NA,NA,NA,0
"254","520_Fm1_a_Satellite","Lek1_2021_520_a","DbLb|DbP","Unpaired","Satellite","black/beige",NA,"Fm1","a",520,15,"5","3_Lek1_5","3_Lek1",0,0,0,0,6,100,0,0,0,0,0,0,0,0,0,0,0,0,0,0,0,0,0,0,0,0,0,3,0,1,NA,NA,NA,NA,NA,NA,NA,NA,NA,NA,NA,NA,NA,NA,NA,NA,NA,NA,NA,NA,NA,NA,NA,NA,7,235.944,1,0
"255","520_Fm1_a_Satellite","Lek1_2021_520_a","GO|LbY","Paired","Satellite","Grey Tiger",NA,"Fm1","a",520,15,"5","3_Lek1_5","3_Lek1",2,7,1,260.937,3,50,0,0,0,0,0,0,0,0,0,0,0,0,1,1,0,0,0,0,NA,NA,NA,2,80.1,3,60,1009,9,11.34,23,609,18.99,21.07,23,609.05,18.99,21.07,NA,NA,NA,NA,NA,NA,NA,NA,3,1674.185,558.06,NA,NA,NA,NA,0
"256","520_Fm1_a_Satellite","Lek1_2021_520_a","GO|LbY","Unpaired","Satellite","Grey Tiger",NA,"Fm1","a",520,15,"5","3_Lek1_5","3_Lek1",1,1,1,4.496,3,50,0,0,0,0,0,0,0,0,0,0,0,0,0,0,0,0,0,0,0,0,0,1,4.5,3,NA,NA,NA,NA,8,112,11.29,3.99,7,100.375,10.58,3.99,1,12.002,12,NA,NA,NA,NA,NA,NA,NA,NA,NA,0,0,0,0
"257","520_Fm1_a_Satellite","Lek1_2021_520_a","RG|LbDb","Paired","Satellite","white",NA,"Fm1","a",520,15,"5","3_Lek1_5","3_Lek1",0,0,0,0,0,0,0,0,0,0,0,0,0,0,0,0,0,0,0,0,0,0,0,0,NA,NA,NA,NA,0,2,NA,NA,NA,NA,NA,NA,NA,NA,NA,NA,NA,NA,NA,NA,NA,NA,NA,NA,NA,NA,NA,NA,NA,NA,NA,NA,NA,0
"258","520_Fm1_a_Satellite","Lek1_2021_520_a","RG|LbDb","Unpaired","Satellite","white",NA,"Fm1","a",520,15,"5","3_Lek1_5","3_Lek1",0,0,0,0,1,16.7,0,0,0,0,0,0,0,0,0,0,0,0,0,0,0,0,0,0,0,0,0,1,0,2,NA,NA,NA,NA,NA,NA,NA,NA,NA,NA,NA,NA,NA,NA,NA,NA,NA,NA,NA,NA,NA,NA,NA,NA,0,0,0,0
"259","520_Fm1_m_Marginal","Lek2_2021_520_m","DbLb|LbY","Unpaired","Marginal","black/red face",NA,"Fm1","m",520,15,"5","3_Lek2_5","3_Lek2",1,2,1,98.377,3,50,1,1,0,0,0,0,12,0,1,12,1,1,1,11,13,12,1,1,12,12,1,3,57.6,3,NA,NA,NA,NA,NA,NA,NA,NA,NA,NA,NA,NA,NA,NA,NA,NA,NA,NA,NA,NA,NA,NA,NA,NA,0,0,0,1
"260","520_Fm1_m_Marginal","Lek2_2021_520_m","GLb|GY","Unpaired","Marginal","brown black",NA,"Fm1","m",520,15,"5","3_Lek2_5","3_Lek2",0,0,0,0,1,16.7,0,0,0,0,0,0,0,0,0,0,0,0,0,0,0,0,0,0,0,0,0,1,0,1,NA,NA,NA,NA,24,1045,41.38,36.21,24,1044.791,41.38,36.21,NA,NA,NA,NA,NA,NA,NA,NA,NA,NA,NA,NA,0,0,0,1
"261","520_Fm1_m_Marginal","Lek2_2021_520_m","ODb|YG","Unpaired","Marginal","Black/w spots",NA,"Fm1","m",520,15,"5","3_Lek2_5","3_Lek2",0,0,0,0,0,0,0,0,0,0,0,0,0,0,0,0,0,0,0,0,0,0,0,0,0,0,0,NA,0,2,NA,NA,NA,NA,NA,NA,NA,NA,NA,NA,NA,NA,NA,NA,NA,NA,NA,NA,NA,NA,NA,NA,NA,NA,0,0,0,1
"262","520_Fm2_a_Marginal","Lek4_2021_520_a","DbLb|OY","Unpaired","Marginal","Brown/white",NA,"Fm2","a",520,15,"5","3_Lek4_5","3_Lek4",0,0,0,0,6,100,0,0,0,0,0,0,0,0,0,0,0,0,0,0,0,0,0,0,0,0,0,2,0,3,NA,NA,NA,NA,NA,NA,NA,NA,NA,NA,NA,NA,NA,NA,NA,NA,NA,NA,NA,NA,NA,NA,NA,NA,0,0,0,0
"263","520_Fm2_a_Marginal","Lek4_2021_520_a","DbLb|RLb","Unpaired","Marginal","White/black",NA,"Fm2","a",520,15,"5","3_Lek4_5","3_Lek4",0,0,0,0,4,66.7,0,0,0,0,0,0,0,0,0,0,0,0,0,0,0,0,0,0,0,0,0,2,0,2,NA,NA,NA,NA,NA,NA,NA,NA,NA,NA,NA,NA,NA,NA,NA,NA,NA,NA,NA,NA,NA,NA,NA,NA,0,0,0,0
"264","520_Fm2_a_Marginal","Lek4_2021_520_a","YO|OLB","Unpaired","Marginal","black/beige",NA,"Fm2","a",520,15,"5","3_Lek4_5","3_Lek4",2,5,1,147.949,6,100,0,0,0,0,0,0,0,0,0,0,1,1,2,2,1,0,0,0,0,0,0,3,69.1,1,NA,NA,NA,NA,88,1761,20.26,22.94,88,1760.873,20.26,22.94,NA,NA,NA,NA,NA,NA,NA,NA,NA,NA,NA,NA,0,0,0,0
"265","520_Fm2_m_Satellite","Lek3_2021_520_m","ODb|YDb","Paired","Satellite","Black/gray",NA,"Fm2","m",520,15,"5","3_Lek3_5","3_Lek3",1,1,1,16.172,0,0,0,0,0,0,0,0,0,0,0,0,0,0,0,0,0,0,0,0,NA,NA,NA,NA,16.2,1,2,28,14,NA,3,30,8.69,3.71,3,30.5,8.69,3.71,NA,NA,NA,NA,NA,NA,NA,NA,1,95.843,95.84,NA,NA,NA,NA,1
"266","520_Fm2_m_Satellite","Lek3_2021_520_m","ODb|YDb","Unpaired","Satellite","Black/gray",NA,"Fm2","m",520,15,"5","3_Lek3_5","3_Lek3",5,40,1,2857.787,4,66.7,1,1,0,0,0,0,2,0,1,2,2,7,2,32,9,2,1,1,2,2,1,3,346.8,1,NA,NA,NA,NA,62,1621,13.64,20.27,61,1618.737,24.54,20.27,1,2.745,2.74,NA,NA,NA,NA,NA,NA,NA,NA,NA,6,776.685,1,1
"267","520_Fm2_m_Satellite","Lek3_2021_520_m","XO|XX","Paired","Satellite","black/grey/beige",NA,"Fm2","m",520,15,"5","3_Lek3_5","3_Lek3",0,0,0,0,0,0,0,0,0,0,0,0,0,0,0,0,0,0,0,0,0,0,0,0,NA,NA,NA,NA,0,2,NA,NA,NA,NA,NA,NA,NA,NA,NA,NA,NA,NA,NA,NA,NA,NA,NA,NA,NA,NA,NA,NA,NA,NA,NA,NA,NA,1
"268","520_Fm2_m_Satellite","Lek3_2021_520_m","XO|XX","Unpaired","Satellite","black/grey/beige",NA,"Fm2","m",520,15,"5","3_Lek3_5","3_Lek3",0,0,0,0,1,16.7,0,0,0,0,0,0,0,0,0,0,0,0,0,0,0,0,0,0,0,0,0,1,0,2,NA,NA,NA,NA,NA,NA,NA,NA,NA,NA,NA,NA,NA,NA,NA,NA,NA,NA,NA,NA,NA,NA,NA,NA,0,0,0,1
"269","520_Fm2_m_Satellite","Lek3_2021_520_m","YO|OO","Paired","Satellite","Black",NA,"Fm2","m",520,15,"5","3_Lek3_5","3_Lek3",1,1,1,22.687,0,0,0,0,0,0,0,0,0,0,0,0,0,0,0,0,0,0,0,0,NA,NA,NA,NA,22.7,3,6,94,16,9.5,NA,NA,NA,NA,NA,NA,NA,NA,NA,NA,NA,NA,NA,NA,NA,NA,2,39.208,19.6,6.46,NA,NA,NA,1
"270","520_Fm2_m_Satellite","Lek3_2021_520_m","YO|OO","Unpaired","Satellite","Black",NA,"Fm2","m",520,15,"5","3_Lek3_5","3_Lek3",0,0,0,0,2,33.3,0,0,0,0,0,0,0,0,0,0,0,0,0,0,0,0,0,0,0,0,0,2,0,3,NA,NA,NA,NA,61,2105,89.43,26.9266666666667,37,862.206,19.97,14.26,23,1181.302,137.95,33.26,1,61.849,61.85,NA,NA,NA,NA,NA,0,0,0,1
"271","521_Fm1_a_Satellite","Lek2_2021_521_a","DbLb|LbY","Paired","Satellite","black/red face",NA,"Fm1","a",521,16,"5","3_Lek2_5","3_Lek2",0,0,0,0,0,0,0,0,0,0,0,0,0,0,0,0,0,0,0,0,0,0,0,0,NA,NA,NA,NA,0,3,NA,NA,NA,NA,NA,NA,NA,NA,NA,NA,NA,NA,NA,NA,NA,NA,NA,NA,NA,NA,NA,NA,NA,NA,NA,NA,NA,1
"272","521_Fm1_a_Satellite","Lek2_2021_521_a","DbLb|LbY","Unpaired","Satellite","black/red face",NA,"Fm1","a",521,16,"5","3_Lek2_5","3_Lek2",0,0,0,0,6,100,0,0,0,0,0,0,0,0,0,0,0,0,0,0,0,0,0,0,0,0,0,3,0,3,NA,NA,NA,NA,NA,NA,NA,NA,NA,NA,NA,NA,NA,NA,NA,NA,NA,NA,NA,NA,NA,NA,NA,NA,0,0,0,1
"273","521_Fm1_a_Satellite","Lek2_2021_521_a","GLb|GY","Paired","Satellite","brown black",NA,"Fm1","a",521,16,"5","3_Lek2_5","3_Lek2",1,2,1,29.693,2,33.3,0,0,0,0,0,0,0,0,0,0,0,0,1,1,0,0,0,0,NA,NA,NA,2,19.7,1,5,296,59,82.33,2,27,13.59,13.92,2,27.188,13.59,13.92,NA,NA,NA,NA,NA,NA,NA,NA,2,352.452,176.23,NA,NA,NA,NA,1
"274","521_Fm1_a_Satellite","Lek2_2021_521_a","GLb|GY","Unpaired","Satellite","brown black",NA,"Fm1","a",521,16,"5","3_Lek2_5","3_Lek2",3,6,1,83.572,4,66.7,1,1,0,0,0,0,5,0,1,5,1,1,1,4,6,5,1,1,5,5,1,1,28,1,NA,NA,NA,NA,31,1332,41.95,37.425,17,889.999,52.35,48.68,14,441.627,31.55,26.17,NA,NA,NA,NA,NA,NA,NA,NA,0,0,0,1
"275","521_Fm1_a_Satellite","Lek2_2021_521_a","ODb|YG","Paired","Satellite","Black/w spots",NA,"Fm1","a",521,16,"5","3_Lek2_5","3_Lek2",0,0,0,0,0,0,0,0,0,0,0,0,0,0,0,0,0,0,0,0,0,0,0,0,NA,NA,NA,NA,0,2,NA,NA,NA,NA,NA,NA,NA,NA,NA,NA,NA,NA,NA,NA,NA,NA,NA,NA,NA,NA,NA,NA,NA,NA,NA,NA,NA,1
"276","521_Fm1_a_Satellite","Lek2_2021_521_a","ODb|YG","Unpaired","Satellite","Black/w spots",NA,"Fm1","a",521,16,"5","3_Lek2_5","3_Lek2",0,0,0,0,1,16.7,0,0,0,0,0,0,0,0,0,0,0,0,0,0,0,0,0,0,0,0,0,NA,0,2,NA,NA,NA,NA,NA,NA,NA,NA,NA,NA,NA,NA,NA,NA,NA,NA,NA,NA,NA,NA,NA,NA,NA,NA,0,0,0,1
"277","521_Fm1_m_Marginal","Lek1_2021_521_m","DbLb|DbP","Unpaired","Marginal","black/beige",NA,"Fm1","m",521,16,"5","3_Lek1_5","3_Lek1",0,0,0,0,5,83.3,0,0,0,0,0,0,0,0,0,0,0,0,0,0,0,0,0,0,0,0,0,2,0,1,NA,NA,NA,NA,NA,NA,NA,NA,NA,NA,NA,NA,NA,NA,NA,NA,NA,NA,NA,NA,NA,NA,NA,NA,0,0,0,1
"278","521_Fm1_m_Marginal","Lek1_2021_521_m","GO|LbY","Unpaired","Marginal","Grey Tiger",NA,"Fm1","m",521,16,"5","3_Lek1_5","3_Lek1",1,2,1,40.464,6,100,1,1,0,0,0,0,2,0,1,2,0,0,1,1,2,2,1,1,2,2,1,3,30.2,3,NA,NA,NA,NA,45,1739,33.03,35.81,45,1738.869,33.03,35.81,NA,NA,NA,NA,NA,NA,NA,NA,NA,NA,NA,NA,0,0,0,1
"279","521_Fm1_m_Marginal","Lek1_2021_521_m","RG|LbDb","Unpaired","Marginal","white",NA,"Fm1","m",521,16,"5","3_Lek1_5","3_Lek1",0,0,0,0,1,16.7,0,0,0,0,0,0,0,0,0,0,0,0,0,0,0,0,0,0,0,0,0,1,0,2,NA,NA,NA,NA,NA,NA,NA,NA,NA,NA,NA,NA,NA,NA,NA,NA,NA,NA,NA,NA,NA,NA,NA,NA,0,0,0,1
"280","521_Fm2_a_Marginal","Lek3_2021_521_a","ODb|YDb","Unpaired","Marginal","Black/gray",NA,"Fm2","a",521,16,"5","3_Lek3_5","3_Lek3",3,20,1,1272.862,6,100,0,0,0,0,0,0,0,0,0,0,1,2,1,4,2,0,0,0,0,0,0,3,268.5,1,NA,NA,NA,NA,65,1777,27.08,35.57,65,1777.012,27.08,35.57,NA,NA,NA,NA,NA,NA,NA,NA,NA,NA,NA,NA,0,0,0,0
"281","521_Fm2_a_Marginal","Lek3_2021_521_a","XO|XX","Unpaired","Marginal","black/grey/beige",NA,"Fm2","a",521,16,"5","3_Lek3_5","3_Lek3",0,0,0,0,3,50,0,0,0,0,0,0,0,0,0,0,0,0,0,0,0,0,0,0,0,0,0,1,0,2,NA,NA,NA,NA,NA,NA,NA,NA,NA,NA,NA,NA,NA,NA,NA,NA,NA,NA,NA,NA,NA,NA,NA,NA,0,0,0,0
"282","521_Fm2_a_Marginal","Lek3_2021_521_a","YO|OO","Unpaired","Marginal","Black",NA,"Fm2","a",521,16,"5","3_Lek3_5","3_Lek3",0,0,0,0,2,33.3,0,0,0,0,0,0,0,0,0,0,0,0,0,0,0,0,0,0,0,0,0,1,0,3,NA,NA,NA,NA,NA,NA,NA,NA,NA,NA,NA,NA,NA,NA,NA,NA,NA,NA,NA,NA,NA,NA,NA,NA,0,0,0,0
"283","521_Fm2_m_Satellite","Lek4_2021_521_m","DbLb|OY","Paired","Satellite","brown black",NA,"Fm2","m",521,16,"5","3_Lek4_5","3_Lek4",0,0,0,0,1,16.7,0,0,0,0,0,0,0,0,0,0,0,0,0,0,0,0,0,0,NA,NA,NA,NA,0,3,1,11,11,NA,NA,NA,NA,NA,NA,NA,NA,NA,NA,NA,NA,NA,NA,NA,NA,NA,NA,NA,NA,NA,NA,NA,NA,1
"284","521_Fm2_m_Satellite","Lek4_2021_521_m","DbLb|OY","Unpaired","Satellite","brown black",NA,"Fm2","m",521,16,"5","3_Lek4_5","3_Lek4",1,1,1,2.749,5,83.3,0,0,0,0,0,0,0,0,0,0,0,0,0,0,0,0,0,0,0,0,0,3,2.7,3,NA,NA,NA,NA,2,11,5.61,4.8,NA,NA,NA,NA,2,11.214,5.61,4.8,NA,NA,NA,NA,NA,NA,NA,NA,0,0,0,1
"285","521_Fm2_m_Satellite","Lek4_2021_521_m","DbLb|RLb","Paired","Satellite","White/black",NA,"Fm2","m",521,16,"5","3_Lek4_5","3_Lek4",0,0,0,0,0,0,0,0,0,0,0,0,0,0,0,0,0,0,0,0,0,0,0,0,NA,NA,NA,NA,0,2,NA,NA,NA,NA,NA,NA,NA,NA,NA,NA,NA,NA,NA,NA,NA,NA,NA,NA,NA,NA,NA,NA,NA,NA,NA,NA,NA,1
"286","521_Fm2_m_Satellite","Lek4_2021_521_m","DbLb|RLb","Unpaired","Satellite","White/black",NA,"Fm2","m",521,16,"5","3_Lek4_5","3_Lek4",0,0,0,0,2,33.3,0,0,0,0,0,0,0,0,0,0,0,0,0,0,0,0,0,0,0,0,0,1,0,2,NA,NA,NA,NA,NA,NA,NA,NA,NA,NA,NA,NA,NA,NA,NA,NA,NA,NA,NA,NA,NA,NA,NA,NA,0,0,0,1
"287","521_Fm2_m_Satellite","Lek4_2021_521_m","YO|OLB","Paired","Satellite","black/beige",NA,"Fm2","m",521,16,"5","3_Lek4_5","3_Lek4",2,23,1,1349.048,4,66.7,1,1,0,0,0,2,2,2,1,4,2,6,2,24,10,4,1,1,NA,NA,NA,3,445.4,1,73,1490,21,19.75,12,193,22.765,13.65,11,162.447,14.79,13.65,1,30.742,30.74,NA,NA,NA,NA,NA,2,1764.503,882.25,NA,NA,NA,NA,1
"288","521_Fm2_m_Satellite","Lek4_2021_521_m","YO|OLB","Unpaired","Satellite","black/beige",NA,"Fm2","m",521,16,"5","3_Lek4_5","3_Lek4",1,2,1,65.226,2,33.3,0,0,0,0,0,0,0,0,0,0,0,0,2,2,0,0,0,0,2,4,1,NA,61,1,NA,NA,NA,NA,NA,NA,NA,NA,NA,NA,NA,NA,NA,NA,NA,NA,NA,NA,NA,NA,NA,NA,NA,NA,3,43,1,1
"289","522_Fm1_a_Satellite","Lek2_2021_522_a","DbLb|LbY","Paired","Satellite","black/red face",NA,"Fm1","a",522,17,"5","3_Lek2_5","3_Lek2",0,0,0,0,0,0,0,0,0,0,0,0,0,0,0,0,0,0,0,0,0,0,0,0,NA,NA,NA,NA,0,2,NA,NA,NA,NA,NA,NA,NA,NA,NA,NA,NA,NA,NA,NA,NA,NA,NA,NA,NA,NA,NA,NA,NA,NA,NA,NA,NA,1
"290","522_Fm1_a_Satellite","Lek2_2021_522_a","DbLb|LbY","Unpaired","Satellite","black/red face",NA,"Fm1","a",522,17,"5","3_Lek2_5","3_Lek2",0,0,0,0,6,100,0,0,0,0,0,0,0,0,0,0,0,0,0,0,0,0,0,0,0,0,0,3,0,2,NA,NA,NA,NA,NA,NA,NA,NA,NA,NA,NA,NA,NA,NA,NA,NA,NA,NA,NA,NA,NA,NA,NA,NA,0,0,0,1
"291","522_Fm1_a_Satellite","Lek2_2021_522_a","GLb|GY","Paired","Satellite","brown black",NA,"Fm1","a",522,17,"5","3_Lek2_5","3_Lek2",2,12,1,270.256,5,83.3,2,2,0,0,0,5,4,5,1,9,0,0,2,17,9,9,1,1,NA,NA,NA,2,44.1,1,30,852,26,23.76,10,164,15.7,12.63,10,163.74,15.7,12.63,NA,NA,NA,NA,NA,NA,NA,NA,3,1065.864,355.29,NA,NA,NA,NA,1
"292","522_Fm1_a_Satellite","Lek2_2021_522_a","GLb|GY","Unpaired","Satellite","brown black",NA,"Fm1","a",522,17,"5","3_Lek2_5","3_Lek2",0,0,0,0,1,16.7,0,0,0,0,0,0,0,0,0,0,0,0,0,0,0,0,0,0,4,9,1,1,0,1,NA,NA,NA,NA,23,663,39.105,38.73,21,562.819,28.09,33.79,2,100.248,50.12,43.67,NA,NA,NA,NA,NA,NA,NA,NA,1,10.999,1,1
"293","522_Fm1_a_Satellite","Lek2_2021_522_a","ODb|YG","Paired","Satellite","Black/w spots",NA,"Fm1","a",522,17,"5","3_Lek2_5","3_Lek2",0,0,0,0,0,0,0,0,0,0,0,0,0,0,0,0,0,0,0,0,0,0,0,0,NA,NA,NA,NA,0,3,1,11,11,NA,NA,NA,NA,NA,NA,NA,NA,NA,NA,NA,NA,NA,NA,NA,NA,NA,NA,NA,NA,NA,NA,NA,NA,1
"294","522_Fm1_a_Satellite","Lek2_2021_522_a","ODb|YG","Unpaired","Satellite","Black/w spots",NA,"Fm1","a",522,17,"5","3_Lek2_5","3_Lek2",0,0,0,0,2,33.3,0,0,0,0,0,0,0,0,0,0,0,0,0,0,0,0,0,0,0,0,0,NA,0,3,NA,NA,NA,NA,1,25,25.44,NA,NA,NA,NA,NA,1,25.438,25.44,NA,NA,NA,NA,NA,NA,NA,NA,NA,0,0,0,1
"295","522_Fm1_m_Marginal","Lek1_2021_522_m","DbLb|DbP","Unpaired","Marginal","black/beige",NA,"Fm1","m",522,17,"5","3_Lek1_5","3_Lek1",0,0,0,0,5,83.3,0,0,0,0,0,0,0,0,0,0,0,0,0,0,0,0,0,0,0,0,0,2,0,1,NA,NA,NA,NA,NA,NA,NA,NA,NA,NA,NA,NA,NA,NA,NA,NA,NA,NA,NA,NA,NA,NA,NA,NA,0,0,0,1
"296","522_Fm1_m_Marginal","Lek1_2021_522_m","GO|LbY","Unpaired","Marginal","Grey Tiger",NA,"Fm1","m",522,17,"5","3_Lek1_5","3_Lek1",1,5,1,246.276,6,100,1,1,0,0,0,0,3,0,1,3,0,0,1,8,3,3,1,1,3,3,1,3,131.1,2,NA,NA,NA,NA,43,1771,38.81,50.66,43,1771.004,38.81,50.66,NA,NA,NA,NA,NA,NA,NA,NA,NA,NA,NA,NA,0,0,0,1
"297","522_Fm1_m_Marginal","Lek1_2021_522_m","RG|LbDb","Unpaired","Marginal","white",NA,"Fm1","m",522,17,"5","3_Lek1_5","3_Lek1",0,0,0,0,0,0,0,0,0,0,0,0,0,0,0,0,0,0,0,0,0,0,0,0,0,0,0,NA,0,3,NA,NA,NA,NA,NA,NA,NA,NA,NA,NA,NA,NA,NA,NA,NA,NA,NA,NA,NA,NA,NA,NA,NA,NA,0,0,0,1
"298","522_Fm2_a_Marginal","Lek3_2021_522_a","ODb|YDb","Unpaired","Marginal","Black/gray",NA,"Fm2","a",522,17,"5","3_Lek3_5","3_Lek3",2,8,1,262.186,6,100,0,0,0,0,0,0,0,0,0,0,0,0,1,1,0,0,0,0,0,0,0,3,49.7,2,NA,NA,NA,NA,NA,NA,NA,NA,NA,NA,NA,NA,NA,NA,NA,NA,NA,NA,NA,NA,NA,NA,NA,NA,0,0,0,0
"299","522_Fm2_a_Marginal","Lek3_2021_522_a","XO|XX","Unpaired","Marginal","black/grey/beige",NA,"Fm2","a",522,17,"5","3_Lek3_5","3_Lek3",0,0,0,0,1,16.7,0,0,0,0,0,0,0,0,0,0,0,0,0,0,0,0,0,0,0,0,0,1,0,3,NA,NA,NA,NA,NA,NA,NA,NA,NA,NA,NA,NA,NA,NA,NA,NA,NA,NA,NA,NA,NA,NA,NA,NA,0,0,0,0
"300","522_Fm2_a_Marginal","Lek3_2021_522_a","YO|OO","Unpaired","Marginal","Black",NA,"Fm2","a",522,17,"5","3_Lek3_5","3_Lek3",0,0,0,0,1,16.7,0,0,0,0,0,0,0,0,0,0,0,0,0,0,0,0,0,0,0,0,0,1,0,1,NA,NA,NA,NA,NA,NA,NA,NA,NA,NA,NA,NA,NA,NA,NA,NA,NA,NA,NA,NA,NA,NA,NA,NA,0,0,0,0
"301","522_Fm2_m_Satellite","Lek4_2021_522_m","DbLb|OY","Paired","Satellite","Brown/white",NA,"Fm2","m",522,17,"5","3_Lek4_5","3_Lek4",0,0,0,0,0,0,0,0,0,0,0,0,0,0,0,0,0,0,0,0,0,0,0,0,NA,NA,NA,NA,0,2,1,7,8,NA,NA,NA,NA,NA,NA,NA,NA,NA,NA,NA,NA,NA,NA,NA,NA,NA,NA,NA,NA,NA,NA,NA,NA,1
"302","522_Fm2_m_Satellite","Lek4_2021_522_m","DbLb|OY","Unpaired","Satellite","Brown/white",NA,"Fm2","m",522,17,"5","3_Lek4_5","3_Lek4",0,0,0,0,5,83.3,0,0,0,0,0,0,0,0,0,0,0,0,0,0,0,0,0,0,0,0,0,3,0,2,NA,NA,NA,NA,1,13,13.25,NA,NA,NA,NA,NA,1,13.249,13.25,NA,NA,NA,NA,NA,NA,NA,NA,NA,0,0,0,1
"303","522_Fm2_m_Satellite","Lek4_2021_522_m","DbLb|RLb","Paired","Satellite","White/black",NA,"Fm2","m",522,17,"5","3_Lek4_5","3_Lek4",0,0,0,0,0,0,0,0,0,0,0,0,0,0,0,0,0,0,0,0,0,0,0,0,NA,NA,NA,NA,0,3,NA,NA,NA,NA,NA,NA,NA,NA,NA,NA,NA,NA,NA,NA,NA,NA,NA,NA,NA,NA,NA,NA,NA,NA,NA,NA,NA,1
"304","522_Fm2_m_Satellite","Lek4_2021_522_m","DbLb|RLb","Unpaired","Satellite","White/black",NA,"Fm2","m",522,17,"5","3_Lek4_5","3_Lek4",0,0,0,0,4,66.7,0,0,0,0,0,0,0,0,0,0,0,0,0,0,0,0,0,0,0,0,0,2,0,3,NA,NA,NA,NA,NA,NA,NA,NA,NA,NA,NA,NA,NA,NA,NA,NA,NA,NA,NA,NA,NA,NA,NA,NA,0,0,0,1
"305","522_Fm2_m_Satellite","Lek4_2021_522_m","YO|OLB","Paired","Satellite","black/beige",NA,"Fm2","m",522,17,"5","3_Lek4_5","3_Lek4",4,25,1,1686.735,4,66.7,1,2,0,0,0,1,1,1,1,2,1,1,2,16,3,2,1,1,NA,NA,NA,3,445.1,1,80,1548,19,14.13,13,188,20.89,7.17,13,188.185,20.89,7.17,NA,NA,NA,NA,NA,NA,NA,NA,1,1800.677,1800.68,NA,NA,NA,NA,1
"306","522_Fm2_m_Satellite","Lek4_2021_522_m","YO|OLB","Unpaired","Satellite","black/beige",NA,"Fm2","m",522,17,"5","3_Lek4_5","3_Lek4",0,0,0,0,2,33.3,0,0,0,0,0,0,0,0,0,0,0,0,0,0,0,0,0,0,1,2,1,NA,0,1,NA,NA,NA,NA,NA,NA,NA,NA,NA,NA,NA,NA,NA,NA,NA,NA,NA,NA,NA,NA,NA,NA,NA,NA,5,170.89,1,1
"307","523_Fm1_a_Satellite","Lek2_2021_523_a","DbLb|LbY","Paired","Satellite","black/red face",NA,"Fm1","a",523,18,"5","3_Lek2_5","3_Lek2",0,0,0,0,0,0,0,0,0,0,0,0,0,0,0,0,0,0,0,0,0,0,0,0,NA,NA,NA,NA,0,3,NA,NA,NA,NA,NA,NA,NA,NA,NA,NA,NA,NA,NA,NA,NA,NA,NA,NA,NA,NA,NA,NA,NA,NA,NA,NA,NA,1
"308","523_Fm1_a_Satellite","Lek2_2021_523_a","DbLb|LbY","Unpaired","Satellite","black/red face",NA,"Fm1","a",523,18,"5","3_Lek2_5","3_Lek2",0,0,0,0,6,100,0,0,0,0,0,0,0,0,0,0,0,0,0,0,0,0,0,0,0,0,0,3,0,3,NA,NA,NA,NA,NA,NA,NA,NA,NA,NA,NA,NA,NA,NA,NA,NA,NA,NA,NA,NA,NA,NA,NA,NA,0,0,0,1
"309","523_Fm1_a_Satellite","Lek2_2021_523_a","GLb|GY","Paired","Satellite","brown black",NA,"Fm1","a",523,18,"5","3_Lek2_5","3_Lek2",2,14,1,787.201,3,50,2,2,0,0,0,1,9,1,1,10,1,1,2,27,11,10,1,1,NA,NA,NA,2,242.4,1,45,826,15,16.07,33,712,22.91,18.95,33,712.387,22.91,18.95,NA,NA,NA,NA,NA,NA,NA,NA,1,1747.176,1747.18,NA,NA,NA,NA,1
"310","523_Fm1_a_Satellite","Lek2_2021_523_a","GLb|GY","Unpaired","Satellite","brown black",NA,"Fm1","a",523,18,"5","3_Lek2_5","3_Lek2",1,4,1,100.103,3,50,2,2,0,2,0,0,9,2,1,11,1,1,2,6,12,11,1,1,18,21,1,1,48.8,1,NA,NA,NA,NA,1,20,20.25,NA,NA,NA,NA,NA,NA,NA,NA,NA,1,20.251,20.25,NA,NA,NA,NA,NA,0,0,0,1
"311","523_Fm1_a_Satellite","Lek2_2021_523_a","ODb|YG","Paired","Satellite","Black/w spots",NA,"Fm1","a",523,18,"5","3_Lek2_5","3_Lek2",2,2,1,56.324,0,0,0,0,0,0,0,0,0,0,0,0,0,0,1,1,0,0,0,0,NA,NA,NA,NA,35.2,2,1,14,14,NA,NA,NA,NA,NA,NA,NA,NA,NA,NA,NA,NA,NA,NA,NA,NA,NA,NA,NA,NA,NA,NA,NA,NA,1
"312","523_Fm1_a_Satellite","Lek2_2021_523_a","ODb|YG","Unpaired","Satellite","Black/w spots",NA,"Fm1","a",523,18,"5","3_Lek2_5","3_Lek2",0,0,0,0,1,16.7,0,0,0,0,0,0,0,0,0,0,0,0,0,0,0,0,0,0,0,0,0,1,0,2,NA,NA,NA,NA,NA,NA,NA,NA,NA,NA,NA,NA,NA,NA,NA,NA,NA,NA,NA,NA,NA,NA,NA,NA,0,0,0,1
"313","523_Fm1_m_Marginal","Lek1_2021_523_m","DbLb|DbP","Unpaired","Marginal","black/beige",NA,"Fm1","m",523,18,"5","3_Lek1_5","3_Lek1",0,0,0,0,5,83.3,0,0,0,0,0,0,0,0,0,0,0,0,0,0,0,0,0,0,0,0,0,2,0,3,NA,NA,NA,NA,NA,NA,NA,NA,NA,NA,NA,NA,NA,NA,NA,NA,NA,NA,NA,NA,NA,NA,NA,NA,0,0,0,0
"314","523_Fm1_m_Marginal","Lek1_2021_523_m","GO|LbY","Unpaired","Marginal","Grey Tiger",NA,"Fm1","m",523,18,"5","3_Lek1_5","3_Lek1",0,0,0,0,6,100,0,0,0,0,0,0,0,0,0,0,0,0,0,0,0,0,0,0,0,0,0,2,0,1,NA,NA,NA,NA,30,1756,47.29,46.32,30,1756.068,47.29,46.32,NA,NA,NA,NA,NA,NA,NA,NA,NA,NA,NA,NA,0,0,0,0
"315","523_Fm1_m_Marginal","Lek1_2021_523_m","RG|LbDb","Unpaired","Marginal","white",NA,"Fm1","m",523,18,"5","3_Lek1_5","3_Lek1",0,0,0,0,1,16.7,0,0,0,0,0,0,0,0,0,0,0,0,0,0,0,0,0,0,0,0,0,1,0,2,NA,NA,NA,NA,NA,NA,NA,NA,NA,NA,NA,NA,NA,NA,NA,NA,NA,NA,NA,NA,NA,NA,NA,NA,0,0,0,0
"316","523_Fm2_a_Marginal","Lek3_2021_523_a","ODb|YDb","Paired","Marginal","Black/gray",NA,"Fm2","a",523,18,"5","3_Lek3_5","3_Lek3",1,4,1,416.009,0,0,0,0,0,0,0,0,0,0,0,0,1,1,1,4,1,0,0,0,NA,NA,NA,NA,155.2,2,NA,NA,NA,NA,NA,NA,NA,NA,NA,NA,NA,NA,NA,NA,NA,NA,NA,NA,NA,NA,NA,NA,NA,NA,NA,NA,NA,0
"317","523_Fm2_a_Marginal","Lek3_2021_523_a","ODb|YDb","Unpaired","Marginal","Black/gray",NA,"Fm2","a",523,18,"5","3_Lek3_5","3_Lek3",3,7,1,153.691,6,100,0,0,0,0,0,0,0,0,0,0,0,0,1,1,0,0,0,0,0,0,0,3,65.5,2,NA,NA,NA,NA,3,1506,501.98,844.93,3,1505.935,501.98,844.93,NA,NA,NA,NA,NA,NA,NA,NA,NA,NA,NA,NA,0,0,0,0
"318","523_Fm2_a_Marginal","Lek3_2021_523_a","XO|XX","Unpaired","Marginal","black/grey/beige",NA,"Fm2","a",523,18,"5","3_Lek3_5","3_Lek3",0,0,0,0,2,33.3,0,0,0,0,0,0,0,0,0,0,0,0,0,0,0,0,0,0,0,0,0,1,0,3,NA,NA,NA,NA,NA,NA,NA,NA,NA,NA,NA,NA,NA,NA,NA,NA,NA,NA,NA,NA,NA,NA,NA,NA,0,0,0,0
"319","523_Fm2_a_Marginal","Lek3_2021_523_a","YO|OO","Unpaired","Marginal","Black",NA,"Fm2","a",523,18,"5","3_Lek3_5","3_Lek3",0,0,0,0,3,50,0,0,0,0,0,0,0,0,0,0,0,0,0,0,0,0,0,0,0,0,0,1,0,1,NA,NA,NA,NA,3,698,232.82,378.14,3,698.454,232.82,378.14,NA,NA,NA,NA,NA,NA,NA,NA,NA,NA,NA,NA,0,0,0,0
"320","523_Fm2_m_Satellite","Lek4_2021_523_m","DbLb|OY","Paired","Satellite","Brown/white",NA,"Fm2","m",523,18,"5","3_Lek4_5","3_Lek4",2,3,1,26.44,0,0,0,0,0,0,0,0,0,0,0,0,0,0,1,1,0,0,0,0,NA,NA,NA,NA,10.7,2,2,31,16,2.11,NA,NA,NA,NA,NA,NA,NA,NA,NA,NA,NA,NA,NA,NA,NA,NA,NA,NA,NA,NA,NA,NA,NA,1
"321","523_Fm2_m_Satellite","Lek4_2021_523_m","DbLb|OY","Unpaired","Satellite","Brown/white",NA,"Fm2","m",523,18,"5","3_Lek4_5","3_Lek4",0,0,0,0,5,83.3,0,0,0,0,0,0,0,0,0,0,0,0,0,0,0,0,0,0,0,0,0,2,0,2,NA,NA,NA,NA,2,5,2.7,0.78,NA,NA,NA,NA,2,5.4,2.7,0.78,NA,NA,NA,NA,NA,NA,NA,NA,0,0,0,1
"322","523_Fm2_m_Satellite","Lek4_2021_523_m","DbLb|RLb","Paired","Satellite","White/black",NA,"Fm2","m",523,18,"5","3_Lek4_5","3_Lek4",0,0,0,0,0,0,0,0,0,0,0,0,0,0,0,0,0,0,0,0,0,0,0,0,NA,NA,NA,NA,0,3,NA,NA,NA,NA,NA,NA,NA,NA,NA,NA,NA,NA,NA,NA,NA,NA,NA,NA,NA,NA,NA,NA,NA,NA,NA,NA,NA,1
"323","523_Fm2_m_Satellite","Lek4_2021_523_m","DbLb|RLb","Unpaired","Satellite","White/black",NA,"Fm2","m",523,18,"5","3_Lek4_5","3_Lek4",0,0,0,0,1,16.7,0,0,0,0,0,0,0,0,0,0,0,0,0,0,0,0,0,0,0,0,0,1,0,3,NA,NA,NA,NA,NA,NA,NA,NA,NA,NA,NA,NA,NA,NA,NA,NA,NA,NA,NA,NA,NA,NA,NA,NA,1,13.497,1,1
"324","523_Fm2_m_Satellite","Lek4_2021_523_m","YO|OLB","Paired","Satellite","black/beige",NA,"Fm2","m",523,18,"5","3_Lek4_5","3_Lek4",3,25,1,1631.238,3,50,2,2,0,0,0,2,3,2,1,5,2,3,3,39,8,5,1,1,NA,NA,NA,2,457.8,1,64,986,21,11.76,31,621,20.04,15.61,31,621.185,20.04,15.61,NA,NA,NA,NA,NA,NA,NA,NA,1,1732.558,1732.56,NA,NA,NA,NA,1
"325","523_Fm2_m_Satellite","Lek4_2021_523_m","YO|OLB","Unpaired","Satellite","black/beige",NA,"Fm2","m",523,18,"5","3_Lek4_5","3_Lek4",1,1,1,57.511,3,50,0,0,0,0,0,0,0,0,0,0,0,0,0,0,0,0,0,0,3,5,1,1,57.5,1,NA,NA,NA,NA,3,72,27.7,1.24,3,71.522,27.7,1.24,NA,NA,NA,NA,NA,NA,NA,NA,NA,NA,NA,NA,14,114.589,1,1
"326","524_Fm1_a_Marginal","Lek2_2021_524_a","ODb|YG","Unpaired","Marginal","Black/w spots",NA,"Fm1","a",524,19,"6","2_Lek2_6","2_Lek2",0,0,0,0,2,33.3,0,0,0,0,0,0,0,0,0,0,0,0,0,0,0,0,0,0,0,0,0,2,0,1,NA,NA,NA,NA,NA,NA,NA,NA,NA,NA,NA,NA,NA,NA,NA,NA,NA,NA,NA,NA,NA,NA,NA,NA,0,0,0,0
"327","524_Fm1_a_Marginal","Lek2_2021_524_a","RG|LbDb","Unpaired","Marginal","white",NA,"Fm1","a",524,19,"6","2_Lek2_6","2_Lek2",0,0,0,0,0,0,0,0,0,0,0,0,0,0,0,0,0,0,0,0,0,0,0,0,0,0,0,NA,0,2,NA,NA,NA,NA,NA,NA,NA,NA,NA,NA,NA,NA,NA,NA,NA,NA,NA,NA,NA,NA,NA,NA,NA,NA,0,0,0,0
"328","524_Fm1_a_Marginal","Lek2_2021_524_a","YO|OO","Unpaired","Marginal","Black",NA,"Fm1","a",524,19,"6","2_Lek2_6","2_Lek2",0,0,0,0,3,50,0,0,0,0,0,0,0,0,0,0,0,0,0,0,0,0,0,0,0,0,0,3,0,3,NA,NA,NA,NA,NA,NA,NA,NA,NA,NA,NA,NA,NA,NA,NA,NA,NA,NA,NA,NA,NA,NA,NA,NA,0,0,0,0
"329","524_Fm1_m_Satellite","Lek1_2021_524_m","DbLb|RLb","Paired","Satellite","White/black",NA,"Fm1","m",524,19,"6","2_Lek1_6","2_Lek1",0,0,0,0,2,33.3,0,0,0,0,0,0,0,0,0,0,0,0,0,0,0,0,0,0,NA,NA,NA,1,0,1,18,606,28,43.25,16,900,56.23,52.98,16,899.68,56.23,52.98,NA,NA,NA,NA,NA,NA,NA,NA,1,121.748,121.75,NA,NA,NA,NA,1
"330","524_Fm1_m_Satellite","Lek1_2021_524_m","DbLb|RLb","Unpaired","Satellite","White/black",NA,"Fm1","m",524,19,"6","2_Lek1_6","2_Lek1",0,0,0,0,3,50,0,0,0,0,0,0,0,0,0,0,0,0,0,0,0,0,0,0,0,0,0,1,0,1,NA,NA,NA,NA,4,192,35.12,71.56,4,192.245,35.12,71.56,NA,NA,NA,NA,NA,NA,NA,NA,NA,NA,NA,NA,0,0,0,1
"331","524_Fm1_m_Satellite","Lek1_2021_524_m","GLb|GY","Paired","Satellite","brown black",NA,"Fm1","m",524,19,"6","2_Lek1_6","2_Lek1",1,3,1,40.702,0,0,0,0,0,0,0,0,0,0,0,0,0,0,1,2,0,0,0,0,NA,NA,NA,NA,22.6,3,19,949,50,48.71,6,284,47.16,67.3,6,284.33,47.16,67.3,NA,NA,NA,NA,NA,NA,NA,NA,2,802.546,401.27,NA,NA,NA,NA,1
"332","524_Fm1_m_Satellite","Lek1_2021_524_m","GLb|GY","Unpaired","Satellite","brown black",NA,"Fm1","m",524,19,"6","2_Lek1_6","2_Lek1",1,3,1,175.313,3,50,1,1,0,0,0,0,4,0,1,4,0,0,1,6,4,4,1,1,4,4,1,1,80.3,3,NA,NA,NA,NA,35,896,29.45,20.825,28,647.038,23.33,19.44,7,248.999,35.57,22.21,NA,NA,NA,NA,NA,NA,NA,NA,0,0,0,1
"333","524_Fm1_m_Satellite","Lek1_2021_524_m","XO|XX","Paired","Satellite","black/grey/beige",NA,"Fm1","m",524,19,"6","2_Lek1_6","2_Lek1",0,0,0,0,0,0,0,0,0,0,0,0,0,0,0,0,0,0,0,0,0,0,0,0,NA,NA,NA,NA,0,2,NA,NA,NA,NA,NA,NA,NA,NA,NA,NA,NA,NA,NA,NA,NA,NA,NA,NA,NA,NA,NA,NA,NA,NA,NA,NA,NA,1
"334","524_Fm1_m_Satellite","Lek1_2021_524_m","XO|XX","Unpaired","Satellite","black/grey/beige",NA,"Fm1","m",524,19,"6","2_Lek1_6","2_Lek1",0,0,0,0,1,16.7,0,0,0,0,0,0,0,0,0,0,0,0,0,0,0,0,0,0,0,0,0,NA,0,2,NA,NA,NA,NA,NA,NA,NA,NA,NA,NA,NA,NA,NA,NA,NA,NA,NA,NA,NA,NA,NA,NA,NA,NA,0,0,0,1
"335","524_Fm2_a_Satellite","Lek3_2021_524_a","DbLb|DbP","Paired","Satellite","black/beige",NA,"Fm2","a",524,19,"6","2_Lek3_6","2_Lek3",3,20,1,1131.944,3,50,1,1,0,0,1,1,1,2,1,3,0,0,2,20,3,3,1,1,NA,NA,NA,2,189.8,1,19,222,13,11.54,42,1253,29.82,28.66,42,1252.562,29.82,28.66,NA,NA,NA,NA,NA,NA,NA,NA,1,1799.378,1799.38,NA,NA,NA,NA,1
"336","524_Fm2_a_Satellite","Lek3_2021_524_a","DbLb|DbP","Unpaired","Satellite","black/beige",NA,"Fm2","a",524,19,"6","2_Lek3_6","2_Lek3",2,10,1,823.385,3,50,1,1,0,0,0,0,1,0,1,1,1,2,2,14,3,1,1,1,2,4,1,1,208.1,1,NA,NA,NA,NA,NA,NA,NA,NA,NA,NA,NA,NA,NA,NA,NA,NA,NA,NA,NA,NA,NA,NA,NA,NA,15,430.553,1,1
"337","524_Fm2_a_Satellite","Lek3_2021_524_a","DbLb|OY","Paired","Satellite","Brown/white",NA,"Fm2","a",524,19,"6","2_Lek3_6","2_Lek3",0,0,0,0,0,0,0,0,0,0,0,0,0,0,0,0,0,0,0,0,0,0,0,0,NA,NA,NA,NA,0,3,NA,NA,NA,NA,NA,NA,NA,NA,NA,NA,NA,NA,NA,NA,NA,NA,NA,NA,NA,NA,NA,NA,NA,NA,NA,NA,NA,1
"338","524_Fm2_a_Satellite","Lek3_2021_524_a","DbLb|OY","Unpaired","Satellite","Brown/white",NA,"Fm2","a",524,19,"6","2_Lek3_6","2_Lek3",0,0,0,0,6,100,0,0,0,0,0,0,0,0,0,0,0,0,0,0,0,0,0,0,0,0,0,3,0,3,NA,NA,NA,NA,NA,NA,NA,NA,NA,NA,NA,NA,NA,NA,NA,NA,NA,NA,NA,NA,NA,NA,NA,NA,0,0,0,1
"339","524_Fm2_a_Satellite","Lek3_2021_524_a","ODb|YDb","Paired","Satellite","Black/gray",NA,"Fm2","a",524,19,"6","2_Lek3_6","2_Lek3",2,6,1,577.414,1,16.7,1,1,0,0,0,0,1,0,1,1,0,0,2,2,1,1,1,1,NA,NA,NA,1,205.9,2,21,358,11,17.81,8,80,11.98,8.67,8,79.74,11.98,8.67,NA,NA,NA,NA,NA,NA,NA,NA,1,597.753,597.75,NA,NA,NA,NA,1
"340","524_Fm2_a_Satellite","Lek3_2021_524_a","ODb|YDb","Unpaired","Satellite","Black/gray",NA,"Fm2","a",524,19,"6","2_Lek3_6","2_Lek3",0,0,0,0,5,83.3,0,0,0,0,0,0,0,0,0,0,0,0,0,0,0,0,0,0,1,1,1,2,0,2,NA,NA,NA,NA,40,1113,27.245,21.51,34,947.899,28.58,21.94,6,165.491,25.91,21.08,NA,NA,NA,NA,NA,NA,NA,NA,0,0,0,1
"341","524_Fm2_m_Marginal","Lek4_2021_524_m","DbLb|LbY","Unpaired","Marginal","black/red face",NA,"Fm2","m",524,19,"6","2_Lek4_6","2_Lek4",0,0,0,0,3,50,0,0,0,0,0,0,0,0,0,0,0,0,0,0,0,0,0,0,0,0,0,NA,0,3,NA,NA,NA,NA,NA,NA,NA,NA,NA,NA,NA,NA,NA,NA,NA,NA,NA,NA,NA,NA,NA,NA,NA,NA,0,0,0,1
"342","524_Fm2_m_Marginal","Lek4_2021_524_m","GO|LbY","Unpaired","Marginal","Grey Tiger",NA,"Fm2","m",524,19,"6","2_Lek4_6","2_Lek4",0,0,0,0,4,66.7,0,0,0,0,0,0,0,0,0,0,0,0,0,0,0,0,0,0,0,0,0,2,0,2,NA,NA,NA,NA,NA,NA,NA,NA,NA,NA,NA,NA,NA,NA,NA,NA,NA,NA,NA,NA,NA,NA,NA,NA,0,0,0,1
"343","524_Fm2_m_Marginal","Lek4_2021_524_m","YO|OLB","Unpaired","Marginal","black/beige",NA,"Fm2","m",524,19,"6","2_Lek4_6","2_Lek4",3,23,1,1783.838,6,100,2,2,0,0,0,0,12,0,1,12,3,3,3,61,15,12,1,1,12,12,1,3,297.8,1,NA,NA,NA,NA,102,1707,16.74,15.53,102,1707.152,16.74,15.53,NA,NA,NA,NA,NA,NA,NA,NA,NA,NA,NA,NA,0,0,0,1
"344","525_Fm1_a_Satellite","Lek1_2021_525_a","DbLb|RLb","Paired","Satellite","White/black",NA,"Fm1","a",525,20,"6","2_Lek1_6","2_Lek1",0,0,0,0,0,0,0,0,0,0,0,0,0,0,0,0,0,0,0,0,0,0,0,0,NA,NA,NA,NA,0,1,13,226,17,8.72,23,1557,62.99,77.26,23,1557.224,62.99,77.26,NA,NA,NA,NA,NA,NA,NA,NA,1,1793.242,1793.24,NA,NA,NA,NA,0
"345","525_Fm1_a_Satellite","Lek1_2021_525_a","DbLb|RLb","Unpaired","Satellite","White/black",NA,"Fm1","a",525,20,"6","2_Lek1_6","2_Lek1",0,0,0,0,6,100,0,0,0,0,0,0,0,0,0,0,0,0,0,0,0,0,0,0,0,0,0,2,0,1,NA,NA,NA,NA,NA,NA,NA,NA,NA,NA,NA,NA,NA,NA,NA,NA,NA,NA,NA,NA,NA,NA,NA,NA,0,0,0,0
"346","525_Fm1_a_Satellite","Lek1_2021_525_a","GLb|GY","Paired","Satellite","brown black",NA,"Fm1","a",525,20,"6","2_Lek1_6","2_Lek1",0,0,0,0,0,0,0,0,0,0,0,0,0,0,0,0,0,0,0,0,0,0,0,0,NA,NA,NA,NA,0,3,NA,NA,NA,NA,NA,NA,NA,NA,NA,NA,NA,NA,NA,NA,NA,NA,NA,NA,NA,NA,NA,NA,NA,NA,NA,NA,NA,0
"347","525_Fm1_a_Satellite","Lek1_2021_525_a","GLb|GY","Unpaired","Satellite","brown black",NA,"Fm1","a",525,20,"6","2_Lek1_6","2_Lek1",0,0,0,0,4,66.7,0,0,0,0,0,0,0,0,0,0,0,0,0,0,0,0,0,0,0,0,0,NA,0,3,NA,NA,NA,NA,NA,NA,NA,NA,NA,NA,NA,NA,NA,NA,NA,NA,NA,NA,NA,NA,NA,NA,NA,NA,0,0,0,0
"348","525_Fm1_a_Satellite","Lek1_2021_525_a","XO|XX","Paired","Satellite","black/grey/beige",NA,"Fm1","a",525,20,"6","2_Lek1_6","2_Lek1",0,0,0,0,0,0,0,0,0,0,0,0,0,0,0,0,0,0,0,0,0,0,0,0,NA,NA,NA,NA,0,2,NA,NA,NA,NA,NA,NA,NA,NA,NA,NA,NA,NA,NA,NA,NA,NA,NA,NA,NA,NA,NA,NA,NA,NA,NA,NA,NA,0
"349","525_Fm1_a_Satellite","Lek1_2021_525_a","XO|XX","Unpaired","Satellite","black/grey/beige",NA,"Fm1","a",525,20,"6","2_Lek1_6","2_Lek1",0,0,0,0,0,0,0,0,0,0,0,0,0,0,0,0,0,0,0,0,0,0,0,0,0,0,0,NA,0,2,NA,NA,NA,NA,NA,NA,NA,NA,NA,NA,NA,NA,NA,NA,NA,NA,NA,NA,NA,NA,NA,NA,NA,NA,0,0,0,0
"350","525_Fm1_m_Marginal","Lek2_2021_525_m","ODb|YG","Unpaired","Marginal","Black/w spots",NA,"Fm1","m",525,20,"6","2_Lek2_6","2_Lek2",0,0,0,0,5,83.3,0,0,0,0,0,0,0,0,0,0,0,0,0,0,0,0,0,0,0,0,0,3,0,1,NA,NA,NA,NA,NA,NA,NA,NA,NA,NA,NA,NA,NA,NA,NA,NA,NA,NA,NA,NA,NA,NA,NA,NA,0,0,0,0
"351","525_Fm1_m_Marginal","Lek2_2021_525_m","RG|LbDb","Unpaired","Marginal","white",NA,"Fm1","m",525,20,"6","2_Lek2_6","2_Lek2",0,0,0,0,1,16.7,0,0,0,0,0,0,0,0,0,0,0,0,0,0,0,0,0,0,0,0,0,1,0,2,NA,NA,NA,NA,NA,NA,NA,NA,NA,NA,NA,NA,NA,NA,NA,NA,NA,NA,NA,NA,NA,NA,NA,NA,0,0,0,0
"352","525_Fm1_m_Marginal","Lek2_2021_525_m","YO|OO","Unpaired","Marginal","Black",NA,"Fm1","m",525,20,"6","2_Lek2_6","2_Lek2",0,0,0,0,6,100,0,0,0,0,0,0,0,0,0,0,0,0,0,0,0,0,0,0,0,0,0,3,0,3,NA,NA,NA,NA,NA,NA,NA,NA,NA,NA,NA,NA,NA,NA,NA,NA,NA,NA,NA,NA,NA,NA,NA,NA,0,0,0,0
"353","525_Fm2_a_Marginal","Lek4_2021_525_a","DbLb|LbY","Unpaired","Marginal","black/red face",NA,"Fm2","a",525,20,"6","2_Lek4_6","2_Lek4",0,0,0,0,0,0,0,0,0,0,0,0,0,0,0,0,0,0,0,0,0,0,0,0,0,0,0,NA,0,3,NA,NA,NA,NA,NA,NA,NA,NA,NA,NA,NA,NA,NA,NA,NA,NA,NA,NA,NA,NA,NA,NA,NA,NA,0,0,0,1
"354","525_Fm2_a_Marginal","Lek4_2021_525_a","GO|LbY","Unpaired","Marginal","Grey Tiger",NA,"Fm2","a",525,20,"6","2_Lek4_6","2_Lek4",0,0,0,0,0,0,0,0,0,0,0,0,0,0,0,0,0,0,0,0,0,0,0,0,0,0,0,NA,0,2,NA,NA,NA,NA,NA,NA,NA,NA,NA,NA,NA,NA,NA,NA,NA,NA,NA,NA,NA,NA,NA,NA,NA,NA,0,0,0,1
"355","525_Fm2_a_Marginal","Lek4_2021_525_a","YO|OLB","Unpaired","Marginal","black/beige",NA,"Fm2","a",525,20,"6","2_Lek4_6","2_Lek4",2,6,1,567.18,5,83.3,1,1,0,0,0,0,2,0,1,2,2,2,2,8,4,2,1,1,2,2,1,3,157.1,1,NA,NA,NA,NA,84,1785,21.25,22.17,84,1784.945,21.25,22.17,NA,NA,NA,NA,NA,NA,NA,NA,NA,NA,NA,NA,0,0,0,1
"356","525_Fm2_m_Satellite","Lek3_2021_525_m","DbLb|DbP","Paired","Satellite","black/beige",NA,"Fm2","m",525,20,"6","2_Lek3_6","2_Lek3",2,9,1,277.279,2,33.3,1,1,0,0,0,0,1,0,1,1,1,2,1,3,3,1,1,1,NA,NA,NA,NA,52,1,66,783,12,8.29,60,917,15.38,12.2,60,917.205,15.38,12.2,NA,NA,NA,NA,NA,NA,NA,NA,1,1794.879,1794.88,NA,NA,NA,NA,1
"357","525_Fm2_m_Satellite","Lek3_2021_525_m","DbLb|DbP","Unpaired","Satellite","black/beige",NA,"Fm2","m",525,20,"6","2_Lek3_6","2_Lek3",0,0,0,0,4,66.7,0,0,0,0,0,0,0,0,0,0,0,0,0,0,0,0,0,0,1,1,1,3,0,1,NA,NA,NA,NA,1,4,4,NA,1,4.002,4,NA,NA,NA,NA,NA,NA,NA,NA,NA,NA,NA,NA,NA,15,331.744,1,1
"358","525_Fm2_m_Satellite","Lek3_2021_525_m","DbLb|OY","Paired","Satellite","Brown/white",NA,"Fm2","m",525,20,"6","2_Lek3_6","2_Lek3",0,0,0,0,0,0,0,0,0,0,0,0,0,0,0,0,0,0,0,0,0,0,0,0,NA,NA,NA,NA,0,3,NA,NA,NA,NA,NA,NA,NA,NA,NA,NA,NA,NA,NA,NA,NA,NA,NA,NA,NA,NA,NA,NA,NA,NA,NA,NA,NA,1
"359","525_Fm2_m_Satellite","Lek3_2021_525_m","DbLb|OY","Unpaired","Satellite","Brown/white",NA,"Fm2","m",525,20,"6","2_Lek3_6","2_Lek3",1,2,1,58.964,6,100,1,1,0,0,0,0,2,0,1,2,0,0,1,2,2,2,1,1,2,2,1,3,51.3,3,NA,NA,NA,NA,NA,NA,NA,NA,NA,NA,NA,NA,NA,NA,NA,NA,NA,NA,NA,NA,NA,NA,NA,NA,0,0,0,1
"360","525_Fm2_m_Satellite","Lek3_2021_525_m","ODb|YDb","Paired","Satellite","Black/gray",NA,"Fm2","m",525,20,"6","2_Lek3_6","2_Lek3",1,1,1,94.466,1,16.7,0,0,0,0,0,0,0,0,0,0,0,0,0,0,0,0,0,0,NA,NA,NA,1,94.5,2,15,287,21,24.12,6,171,28.5,42.49,6,171.001,28.5,42.49,NA,NA,NA,NA,NA,NA,NA,NA,1,462.646,462.65,NA,NA,NA,NA,1
"361","525_Fm2_m_Satellite","Lek3_2021_525_m","ODb|YDb","Unpaired","Satellite","Black/gray",NA,"Fm2","m",525,20,"6","2_Lek3_6","2_Lek3",0,0,0,0,4,66.7,0,0,0,0,0,0,0,0,0,0,0,0,0,0,0,0,0,0,0,0,0,2,0,2,NA,NA,NA,NA,37,1202,22.355,20.415,31,1161.158,38.42,37.23,6,40.907,6.29,3.6,NA,NA,NA,NA,NA,NA,NA,NA,0,0,0,1
"362","526_Fm1_a_Marginal","Lek2_2021_526_a","ODb|YG","Unpaired","Marginal","Black/w spots",NA,"Fm1","a",526,21,"6","2_Lek2_6","2_Lek2",0,0,0,0,3,50,0,0,0,0,0,0,0,0,0,0,0,0,0,0,0,0,0,0,0,0,0,1,0,2,NA,NA,NA,NA,NA,NA,NA,NA,NA,NA,NA,NA,NA,NA,NA,NA,NA,NA,NA,NA,NA,NA,NA,NA,0,0,0,0
"363","526_Fm1_a_Marginal","Lek2_2021_526_a","RG|LbDb","Unpaired","Marginal","white",NA,"Fm1","a",526,21,"6","2_Lek2_6","2_Lek2",0,0,0,0,1,16.7,0,0,0,0,0,0,0,0,0,0,0,0,0,0,0,0,0,0,0,0,0,1,0,1,NA,NA,NA,NA,NA,NA,NA,NA,NA,NA,NA,NA,NA,NA,NA,NA,NA,NA,NA,NA,NA,NA,NA,NA,0,0,0,0
"364","526_Fm1_a_Marginal","Lek2_2021_526_a","YO|OO","Unpaired","Marginal","Black",NA,"Fm1","a",526,21,"6","2_Lek2_6","2_Lek2",0,0,0,0,4,66.7,0,0,0,0,0,0,0,0,0,0,0,0,0,0,0,0,0,0,0,0,0,2,0,3,NA,NA,NA,NA,NA,NA,NA,NA,NA,NA,NA,NA,NA,NA,NA,NA,NA,NA,NA,NA,NA,NA,NA,NA,0,0,0,0
"365","526_Fm1_m_Satellite","Lek1_2021_526_m","DbLb|RLb","Paired","Satellite","White/black",NA,"Fm1","m",526,21,"6","2_Lek1_6","2_Lek1",0,0,0,0,0,0,0,0,0,0,0,0,0,0,0,0,0,0,0,0,0,0,0,0,NA,NA,NA,NA,0,1,NA,NA,NA,NA,NA,NA,NA,NA,NA,NA,NA,NA,NA,NA,NA,NA,NA,NA,NA,NA,NA,NA,NA,NA,NA,NA,NA,0
"366","526_Fm1_m_Satellite","Lek1_2021_526_m","DbLb|RLb","Unpaired","Satellite","White/black",NA,"Fm1","m",526,21,"6","2_Lek1_6","2_Lek1",0,0,0,0,6,100,0,0,0,0,0,0,0,0,0,0,0,0,0,0,0,0,0,0,0,0,0,3,0,1,NA,NA,NA,NA,NA,NA,NA,NA,NA,NA,NA,NA,NA,NA,NA,NA,NA,NA,NA,NA,NA,NA,NA,NA,0,0,0,0
"367","526_Fm1_m_Satellite","Lek1_2021_526_m","GLb|GY","Paired","Satellite","brown black",NA,"Fm1","m",526,21,"6","2_Lek1_6","2_Lek1",0,0,0,0,1,16.7,0,0,0,0,0,0,0,0,0,0,0,0,0,0,0,0,0,0,NA,NA,NA,1,0,2,NA,NA,NA,NA,NA,NA,NA,NA,NA,NA,NA,NA,NA,NA,NA,NA,NA,NA,NA,NA,NA,NA,NA,NA,NA,NA,NA,0
"368","526_Fm1_m_Satellite","Lek1_2021_526_m","GLb|GY","Unpaired","Satellite","brown black",NA,"Fm1","m",526,21,"6","2_Lek1_6","2_Lek1",1,2,1,133.713,5,83.3,0,0,0,0,0,0,0,0,0,0,0,0,1,2,0,0,0,0,0,0,0,2,129.1,2,NA,NA,NA,NA,18,1627,69.64,70.6933333333333,11,1115.385,71.87,69.59,5,396.494,79.3,102.9,2,115.5,57.75,39.59,NA,NA,NA,NA,0,0,0,0
"369","526_Fm1_m_Satellite","Lek1_2021_526_m","XO|XX","Paired","Satellite","black/grey/beige",NA,"Fm1","m",526,21,"6","2_Lek1_6","2_Lek1",0,0,0,0,0,0,0,0,0,0,0,0,0,0,0,0,0,0,0,0,0,0,0,0,NA,NA,NA,NA,0,3,NA,NA,NA,NA,NA,NA,NA,NA,NA,NA,NA,NA,NA,NA,NA,NA,NA,NA,NA,NA,NA,NA,NA,NA,NA,NA,NA,0
"370","526_Fm1_m_Satellite","Lek1_2021_526_m","XO|XX","Unpaired","Satellite","black/grey/beige",NA,"Fm1","m",526,21,"6","2_Lek1_6","2_Lek1",0,0,0,0,1,16.7,0,0,0,0,0,0,0,0,0,0,0,0,0,0,0,0,0,0,0,0,0,NA,0,3,NA,NA,NA,NA,NA,NA,NA,NA,NA,NA,NA,NA,NA,NA,NA,NA,NA,NA,NA,NA,NA,NA,NA,NA,0,0,0,0
"371","526_Fm2_a_Satellite","Lek3_2021_526_a","DbLb|DbP","Paired","Satellite","black/beige",NA,"Fm2","a",526,21,"6","2_Lek3_6","2_Lek3",1,1,1,3.72,2,33.3,0,0,0,0,0,0,0,0,0,0,0,0,0,0,0,0,0,0,NA,NA,NA,NA,3.7,1,31,429,14,11.28,42,998,26.41,21.59,42,997.918,26.41,21.59,NA,NA,NA,NA,NA,NA,NA,NA,1,1492.073,1492.07,NA,NA,NA,NA,0
"372","526_Fm2_a_Satellite","Lek3_2021_526_a","DbLb|DbP","Unpaired","Satellite","black/beige",NA,"Fm2","a",526,21,"6","2_Lek3_6","2_Lek3",0,0,0,0,4,66.7,0,0,0,0,0,0,0,0,0,0,0,0,0,0,0,0,0,0,0,0,0,2,0,1,NA,NA,NA,NA,6,305,53.1,63.42,6,304.845,53.1,63.42,NA,NA,NA,NA,NA,NA,NA,NA,NA,NA,NA,NA,14,272.597,1,0
"373","526_Fm2_a_Satellite","Lek3_2021_526_a","DbLb|OY","Paired","Satellite","Brown/white",NA,"Fm2","a",526,21,"6","2_Lek3_6","2_Lek3",0,0,0,0,0,0,0,0,0,0,0,0,0,0,0,0,0,0,0,0,0,0,0,0,NA,NA,NA,NA,0,3,NA,NA,NA,NA,NA,NA,NA,NA,NA,NA,NA,NA,NA,NA,NA,NA,NA,NA,NA,NA,NA,NA,NA,NA,NA,NA,NA,0
"374","526_Fm2_a_Satellite","Lek3_2021_526_a","DbLb|OY","Unpaired","Satellite","Brown/white",NA,"Fm2","a",526,21,"6","2_Lek3_6","2_Lek3",0,0,0,0,6,100,0,0,0,0,0,0,0,0,0,0,0,0,0,0,0,0,0,0,0,0,0,2,0,3,NA,NA,NA,NA,NA,NA,NA,NA,NA,NA,NA,NA,NA,NA,NA,NA,NA,NA,NA,NA,NA,NA,NA,NA,0,0,0,0
"375","526_Fm2_a_Satellite","Lek3_2021_526_a","ODb|YDb","Paired","Satellite","Black/gray",NA,"Fm2","a",526,21,"6","2_Lek3_6","2_Lek3",0,0,0,0,0,0,0,0,0,0,0,0,0,0,0,0,0,0,0,0,0,0,0,0,NA,NA,NA,NA,0,2,1,54,54,NA,NA,NA,NA,NA,NA,NA,NA,NA,NA,NA,NA,NA,NA,NA,NA,NA,NA,NA,NA,NA,NA,NA,NA,0
"376","526_Fm2_a_Satellite","Lek3_2021_526_a","ODb|YDb","Unpaired","Satellite","Black/gray",NA,"Fm2","a",526,21,"6","2_Lek3_6","2_Lek3",0,0,0,0,6,100,0,0,0,0,0,0,0,0,0,0,0,0,0,0,0,0,0,0,0,0,0,2,0,2,NA,NA,NA,NA,5,199,39.81,31.62,NA,NA,NA,NA,5,199.031,39.81,31.62,NA,NA,NA,NA,NA,NA,NA,NA,0,0,0,0
"377","526_Fm2_m_Marginal","Lek4_2021_526_m","DbLb|LbY","Unpaired","Marginal","black/red face",NA,"Fm2","m",526,21,"6","2_Lek4_6","2_Lek4",0,0,0,0,3,50,0,0,0,0,0,0,0,0,0,0,0,0,0,0,0,0,0,0,0,0,0,NA,0,3,NA,NA,NA,NA,NA,NA,NA,NA,NA,NA,NA,NA,NA,NA,NA,NA,NA,NA,NA,NA,NA,NA,NA,NA,0,0,0,0
"378","526_Fm2_m_Marginal","Lek4_2021_526_m","GO|LbY","Unpaired","Marginal","Grey Tiger",NA,"Fm2","m",526,21,"6","2_Lek4_6","2_Lek4",0,0,0,0,1,16.7,0,0,0,0,0,0,0,0,0,0,0,0,0,0,0,0,0,0,0,0,0,1,0,2,NA,NA,NA,NA,NA,NA,NA,NA,NA,NA,NA,NA,NA,NA,NA,NA,NA,NA,NA,NA,NA,NA,NA,NA,0,0,0,0
"379","526_Fm2_m_Marginal","Lek4_2021_526_m","YO|OLB","Unpaired","Marginal","black/beige",NA,"Fm2","m",526,21,"6","2_Lek4_6","2_Lek4",1,1,1,63.039,6,100,0,0,0,0,0,0,0,0,0,0,0,0,0,0,0,0,0,0,0,0,0,2,63,1,NA,NA,NA,NA,107,1762,9.38,16.93,106,1759.63,16.76,16.93,1,2.001,2,NA,NA,NA,NA,NA,NA,NA,NA,NA,0,0,0,0
"380","527_Fm1_a_Marginal","Lek1_2021_527_a","DbLb|RLb","Unpaired","Marginal","White/black",NA,"Fm1","a",527,22,"6","2_Lek1_6","2_Lek1",0,0,0,0,6,100,0,0,0,0,0,0,0,0,0,0,0,0,0,0,0,0,0,0,0,0,0,3,0,1,NA,NA,NA,NA,5,1698,223.31,332.02,5,1697.528,223.31,332.02,NA,NA,NA,NA,NA,NA,NA,NA,NA,NA,NA,NA,0,0,0,1
"381","527_Fm1_a_Marginal","Lek1_2021_527_a","GLb|GY","Unpaired","Marginal","brown black",NA,"Fm1","a",527,22,"6","2_Lek1_6","2_Lek1",1,3,1,15.112,4,66.7,1,1,0,0,0,0,2,0,1,2,0,0,1,3,2,2,1,1,2,2,1,1,5.9,2,NA,NA,NA,NA,5,1730,330.49,341.18,5,1729.645,330.49,341.18,NA,NA,NA,NA,NA,NA,NA,NA,NA,NA,NA,NA,0,0,0,1
"382","527_Fm1_a_Marginal","Lek1_2021_527_a","XO|XX","Unpaired","Marginal","black/grey/beige",NA,"Fm1","a",527,22,"6","2_Lek1_6","2_Lek1",0,0,0,0,1,16.7,0,0,0,0,0,0,0,0,0,0,0,0,0,0,0,0,0,0,0,0,0,NA,0,3,NA,NA,NA,NA,NA,NA,NA,NA,NA,NA,NA,NA,NA,NA,NA,NA,NA,NA,NA,NA,NA,NA,NA,NA,0,0,0,1
"383","527_Fm1_m_Satellite","Lek2_2021_527_m","ODb|YG","Paired","Satellite","Black/w spots",NA,"Fm1","m",527,22,"6","2_Lek2_6","2_Lek2",0,0,0,0,4,66.7,0,0,0,0,0,0,0,0,0,0,0,0,0,0,0,0,0,0,NA,NA,NA,1,0,1,11,215,20,7.28,26,464,18.23,15.38,26,463.583,18.23,15.38,NA,NA,NA,NA,NA,NA,NA,NA,1,453.28,453.28,NA,NA,NA,NA,0
"384","527_Fm1_m_Satellite","Lek2_2021_527_m","ODb|YG","Unpaired","Satellite","Black/w spots",NA,"Fm1","m",527,22,"6","2_Lek2_6","2_Lek2",0,0,0,0,2,33.3,0,0,0,0,0,0,0,0,0,0,0,0,0,0,0,0,0,0,0,0,0,2,0,1,NA,NA,NA,NA,15,934,69.68,91.46,15,933.571,69.68,91.46,NA,NA,NA,NA,NA,NA,NA,NA,NA,NA,NA,NA,0,0,0,0
"385","527_Fm1_m_Satellite","Lek2_2021_527_m","RG|LbDb","Paired","Satellite","white",NA,"Fm1","m",527,22,"6","2_Lek2_6","2_Lek2",0,0,0,0,0,0,0,0,0,0,0,0,0,0,0,0,0,0,0,0,0,0,0,0,NA,NA,NA,NA,0,2,NA,NA,NA,NA,NA,NA,NA,NA,NA,NA,NA,NA,NA,NA,NA,NA,NA,NA,NA,NA,NA,NA,NA,NA,NA,NA,NA,0
"386","527_Fm1_m_Satellite","Lek2_2021_527_m","RG|LbDb","Unpaired","Satellite","white",NA,"Fm1","m",527,22,"6","2_Lek2_6","2_Lek2",0,0,0,0,6,100,0,0,0,0,0,0,0,0,0,0,0,0,0,0,0,0,0,0,0,0,0,2,0,2,NA,NA,NA,NA,NA,NA,NA,NA,NA,NA,NA,NA,NA,NA,NA,NA,NA,NA,NA,NA,NA,NA,NA,NA,0,0,0,0
"387","527_Fm1_m_Satellite","Lek2_2021_527_m","YO|OO","Paired","Satellite","Black",NA,"Fm1","m",527,22,"6","2_Lek2_6","2_Lek2",0,0,0,0,0,0,0,0,0,0,0,0,0,0,0,0,0,0,0,0,0,0,0,0,NA,NA,NA,NA,0,3,NA,NA,NA,NA,NA,NA,NA,NA,NA,NA,NA,NA,NA,NA,NA,NA,NA,NA,NA,NA,NA,NA,NA,NA,NA,NA,NA,0
"388","527_Fm1_m_Satellite","Lek2_2021_527_m","YO|OO","Unpaired","Satellite","Black",NA,"Fm1","m",527,22,"6","2_Lek2_6","2_Lek2",0,0,0,0,5,83.3,0,0,0,0,0,0,0,0,0,0,0,0,0,0,0,0,0,0,0,0,0,2,0,3,NA,NA,NA,NA,NA,NA,NA,NA,NA,NA,NA,NA,NA,NA,NA,NA,NA,NA,NA,NA,NA,NA,NA,NA,0,0,0,0
"389","527_Fm2_a_Satellite","Lek4_2021_527_a","DbLb|LbY","Paired","Satellite","black/red face",NA,"Fm2","a",527,22,"6","2_Lek4_6","2_Lek4",0,0,0,0,0,0,0,0,0,0,0,0,0,0,0,0,0,0,0,0,0,0,0,0,NA,NA,NA,NA,0,3,NA,NA,NA,NA,NA,NA,NA,NA,NA,NA,NA,NA,NA,NA,NA,NA,NA,NA,NA,NA,NA,NA,NA,NA,NA,NA,NA,0
"390","527_Fm2_a_Satellite","Lek4_2021_527_a","DbLb|LbY","Unpaired","Satellite","black/red face",NA,"Fm2","a",527,22,"6","2_Lek4_6","2_Lek4",0,0,0,0,5,83.3,0,0,0,0,0,0,0,0,0,0,0,0,0,0,0,0,0,0,0,0,0,2,0,3,NA,NA,NA,NA,NA,NA,NA,NA,NA,NA,NA,NA,NA,NA,NA,NA,NA,NA,NA,NA,NA,NA,NA,NA,0,0,0,0
"391","527_Fm2_a_Satellite","Lek4_2021_527_a","GO|LbY","Paired","Satellite","Grey Tiger",NA,"Fm2","a",527,22,"6","2_Lek4_6","2_Lek4",0,0,0,0,0,0,0,0,0,0,0,0,0,0,0,0,0,0,0,0,0,0,0,0,NA,NA,NA,NA,0,2,1,67,67,NA,NA,NA,NA,NA,NA,NA,NA,NA,NA,NA,NA,NA,NA,NA,NA,NA,NA,NA,NA,NA,NA,NA,NA,0
"392","527_Fm2_a_Satellite","Lek4_2021_527_a","GO|LbY","Unpaired","Satellite","Grey Tiger",NA,"Fm2","a",527,22,"6","2_Lek4_6","2_Lek4",0,0,0,0,2,33.3,0,0,0,0,0,0,0,0,0,0,0,0,0,0,0,0,0,0,0,0,0,1,0,2,NA,NA,NA,NA,1,77,76.9,NA,NA,NA,NA,NA,1,76.897,76.9,NA,NA,NA,NA,NA,NA,NA,NA,NA,0,0,0,0
"393","527_Fm2_a_Satellite","Lek4_2021_527_a","YO|OLB","Paired","Satellite","black/beige",NA,"Fm2","a",527,22,"6","2_Lek4_6","2_Lek4",0,0,0,0,2,33.3,0,0,0,0,0,0,0,0,0,0,0,0,0,0,0,0,0,0,NA,NA,NA,2,0,1,29,654,18,15.68,18,181,9.04,5.61,18,180.97,9.04,5.61,NA,NA,NA,NA,NA,NA,NA,NA,3,805.606,268.54,227.41,NA,NA,NA,0
"394","527_Fm2_a_Satellite","Lek4_2021_527_a","YO|OLB","Unpaired","Satellite","black/beige",NA,"Fm2","a",527,22,"6","2_Lek4_6","2_Lek4",0,0,0,0,3,50,0,0,0,0,0,0,0,0,0,0,0,0,0,0,0,0,0,0,0,0,0,NA,0,1,2,29,15,NA,31,906,22.795,28.74,27,852.232,32.06,42.54,4,54.137,13.53,14.94,NA,NA,NA,NA,NA,NA,NA,NA,1,7.247,1,0
"395","527_Fm2_m_Marginal","Lek3_2021_527_m","DbLb|DbP","Unpaired","Marginal","black/beige",NA,"Fm2","m",527,22,"6","2_Lek3_6","2_Lek3",0,0,0,0,6,100,0,0,0,0,0,0,0,0,0,0,0,0,0,0,0,0,0,0,0,0,0,3,0,1,NA,NA,NA,NA,77,1723,22.12,23.68,77,1723.275,22.12,23.68,NA,NA,NA,NA,NA,NA,NA,NA,NA,NA,NA,NA,0,0,0,0
"396","527_Fm2_m_Marginal","Lek3_2021_527_m","DbLb|OY","Unpaired","Marginal","Brown/white",NA,"Fm2","m",527,22,"6","2_Lek3_6","2_Lek3",1,2,1,38.383,5,83.3,0,0,0,0,0,0,0,0,0,0,1,7,1,7,7,0,0,0,0,0,0,2,20.1,3,NA,NA,NA,NA,NA,NA,NA,NA,NA,NA,NA,NA,NA,NA,NA,NA,NA,NA,NA,NA,NA,NA,NA,NA,0,0,0,0
"397","527_Fm2_m_Marginal","Lek3_2021_527_m","ODb|YDb","Unpaired","Marginal","Black/gray",NA,"Fm2","m",527,22,"6","2_Lek3_6","2_Lek3",0,0,0,0,6,100,0,0,0,0,0,0,0,0,0,0,0,0,0,0,0,0,0,0,0,0,0,2,0,2,NA,NA,NA,NA,58,1609,21.02,29.14,58,1609.253,21.02,29.14,NA,NA,NA,NA,NA,NA,NA,NA,NA,NA,NA,NA,0,0,0,0
"398","528_Fm1_a_Satellite","Lek2_2021_528_a","ODb|YG","Paired","Satellite","Black/w spots",NA,"Fm1","a",528,23,"6","2_Lek2_6","2_Lek2",0,0,0,0,0,0,0,0,0,0,0,0,0,0,0,0,0,0,0,0,0,0,0,0,NA,NA,NA,NA,0,1,NA,NA,NA,NA,NA,NA,NA,NA,NA,NA,NA,NA,NA,NA,NA,NA,NA,NA,NA,NA,NA,NA,NA,NA,NA,NA,NA,0
"399","528_Fm1_a_Satellite","Lek2_2021_528_a","ODb|YG","Unpaired","Satellite","Black/w spots",NA,"Fm1","a",528,23,"6","2_Lek2_6","2_Lek2",0,0,0,0,4,66.7,0,0,0,0,0,0,0,0,0,0,0,0,0,0,0,0,0,0,0,0,0,3,0,1,NA,NA,NA,NA,NA,NA,NA,NA,NA,NA,NA,NA,NA,NA,NA,NA,NA,NA,NA,NA,NA,NA,NA,NA,0,0,0,0
"400","528_Fm1_a_Satellite","Lek2_2021_528_a","RG|LbDb","Paired","Satellite","white",NA,"Fm1","a",528,23,"6","2_Lek2_6","2_Lek2",0,0,0,0,0,0,0,0,0,0,0,0,0,0,0,0,0,0,0,0,0,0,0,0,NA,NA,NA,NA,0,2,NA,NA,NA,NA,NA,NA,NA,NA,NA,NA,NA,NA,NA,NA,NA,NA,NA,NA,NA,NA,NA,NA,NA,NA,NA,NA,NA,0
"401","528_Fm1_a_Satellite","Lek2_2021_528_a","RG|LbDb","Unpaired","Satellite","white",NA,"Fm1","a",528,23,"6","2_Lek2_6","2_Lek2",0,0,0,0,0,0,0,0,0,0,0,0,0,0,0,0,0,0,0,0,0,0,0,0,0,0,0,NA,0,2,NA,NA,NA,NA,NA,NA,NA,NA,NA,NA,NA,NA,NA,NA,NA,NA,NA,NA,NA,NA,NA,NA,NA,NA,0,0,0,0
"402","528_Fm1_a_Satellite","Lek2_2021_528_a","YO|OO","Paired","Satellite","Black",NA,"Fm1","a",528,23,"6","2_Lek2_6","2_Lek2",0,0,0,0,0,0,0,0,0,0,0,0,0,0,0,0,0,0,0,0,0,0,0,0,NA,NA,NA,NA,0,3,NA,NA,NA,NA,NA,NA,NA,NA,NA,NA,NA,NA,NA,NA,NA,NA,NA,NA,NA,NA,NA,NA,NA,NA,NA,NA,NA,0
"403","528_Fm1_a_Satellite","Lek2_2021_528_a","YO|OO","Unpaired","Satellite","Black",NA,"Fm1","a",528,23,"6","2_Lek2_6","2_Lek2",0,0,0,0,1,16.7,0,0,0,0,0,0,0,0,0,0,0,0,0,0,0,0,0,0,0,0,0,NA,0,3,NA,NA,NA,NA,NA,NA,NA,NA,NA,NA,NA,NA,NA,NA,NA,NA,NA,NA,NA,NA,NA,NA,NA,NA,0,0,0,0
"404","528_Fm1_m_Marginal","Lek1_2021_528_m","DbLb|RLb","Unpaired","Marginal","White/black",NA,"Fm1","m",528,23,"6","2_Lek1_6","2_Lek1",0,0,0,0,6,100,0,0,0,0,0,0,0,0,0,0,0,0,0,0,0,0,0,0,0,0,0,3,0,1,NA,NA,NA,NA,54,1782,34.63,38.25,54,1781.805,34.63,38.25,NA,NA,NA,NA,NA,NA,NA,NA,NA,NA,NA,NA,0,0,0,1
"405","528_Fm1_m_Marginal","Lek1_2021_528_m","GLb|GY","Unpaired","Marginal","brown black",NA,"Fm1","m",528,23,"6","2_Lek1_6","2_Lek1",1,6,1,401.365,6,100,1,1,0,0,0,0,6,0,1,6,1,6,1,17,12,6,1,1,6,6,1,3,119.2,2,NA,NA,NA,NA,43,1696,41.24,43.9,43,1695.561,41.24,43.9,NA,NA,NA,NA,NA,NA,NA,NA,NA,NA,NA,NA,0,0,0,1
"406","528_Fm1_m_Marginal","Lek1_2021_528_m","XO|XX","Unpaired","Marginal","black/grey/beige",NA,"Fm1","m",528,23,"6","2_Lek1_6","2_Lek1",0,0,0,0,1,16.7,0,0,0,0,0,0,0,0,0,0,0,0,0,0,0,0,0,0,0,0,0,1,0,3,NA,NA,NA,NA,NA,NA,NA,NA,NA,NA,NA,NA,NA,NA,NA,NA,NA,NA,NA,NA,NA,NA,NA,NA,0,0,0,1
"407","528_Fm2_a_Marginal","Lek3_2021_528_a","DbLb|DbP","Unpaired","Marginal","black/beige",NA,"Fm2","a",528,23,"6","2_Lek3_6","2_Lek3",1,1,1,102.429,6,100,0,0,0,0,0,0,0,0,0,0,0,0,0,0,0,0,0,0,0,0,0,3,102.4,1,NA,NA,NA,NA,108,1779,16.61,15,108,1779.412,16.61,15,NA,NA,NA,NA,NA,NA,NA,NA,NA,NA,NA,NA,0,0,0,1
"408","528_Fm2_a_Marginal","Lek3_2021_528_a","DbLb|OY","Unpaired","Marginal","Brown/white",NA,"Fm2","a",528,23,"6","2_Lek3_6","2_Lek3",1,2,1,24.738,6,100,1,1,0,0,0,0,1,0,1,1,1,2,1,2,3,1,1,1,1,1,1,3,15.4,3,NA,NA,NA,NA,NA,NA,NA,NA,NA,NA,NA,NA,NA,NA,NA,NA,NA,NA,NA,NA,NA,NA,NA,NA,0,0,0,1
"409","528_Fm2_a_Marginal","Lek3_2021_528_a","ODb|YDb","Unpaired","Marginal","Black/gray",NA,"Fm2","a",528,23,"6","2_Lek3_6","2_Lek3",0,0,0,0,3,50,0,0,0,0,0,0,0,0,0,0,0,0,0,0,0,0,0,0,0,0,0,1,0,2,NA,NA,NA,NA,NA,NA,NA,NA,NA,NA,NA,NA,NA,NA,NA,NA,NA,NA,NA,NA,NA,NA,NA,NA,0,0,0,1
"410","528_Fm2_m_Satellite","Lek4_2021_528_m","DbLb|LbY","Paired","Satellite","black/red face",NA,"Fm2","m",528,23,"6","2_Lek4_6","2_Lek4",0,0,0,0,0,0,0,0,0,0,0,0,0,0,0,0,0,0,0,0,0,0,0,0,NA,NA,NA,NA,0,3,NA,NA,NA,NA,NA,NA,NA,NA,NA,NA,NA,NA,NA,NA,NA,NA,NA,NA,NA,NA,NA,NA,NA,NA,NA,NA,NA,0
"411","528_Fm2_m_Satellite","Lek4_2021_528_m","DbLb|LbY","Unpaired","Satellite","black/red face",NA,"Fm2","m",528,23,"6","2_Lek4_6","2_Lek4",0,0,0,0,5,83.3,0,0,0,0,0,0,0,0,0,0,0,0,0,0,0,0,0,0,0,0,0,2,0,3,NA,NA,NA,NA,NA,NA,NA,NA,NA,NA,NA,NA,NA,NA,NA,NA,NA,NA,NA,NA,NA,NA,NA,NA,0,0,0,0
"412","528_Fm2_m_Satellite","Lek4_2021_528_m","GO|LbY","Paired","Satellite","Grey Tiger",NA,"Fm2","m",528,23,"6","2_Lek4_6","2_Lek4",0,0,0,0,0,0,0,0,0,0,0,0,0,0,0,0,0,0,0,0,0,0,0,0,NA,NA,NA,NA,0,2,NA,NA,NA,NA,NA,NA,NA,NA,NA,NA,NA,NA,NA,NA,NA,NA,NA,NA,NA,NA,NA,NA,NA,NA,NA,NA,NA,0
"413","528_Fm2_m_Satellite","Lek4_2021_528_m","GO|LbY","Unpaired","Satellite","Grey Tiger",NA,"Fm2","m",528,23,"6","2_Lek4_6","2_Lek4",0,0,0,0,2,33.3,0,0,0,0,0,0,0,0,0,0,0,0,0,0,0,0,0,0,0,0,0,NA,0,2,NA,NA,NA,NA,NA,NA,NA,NA,NA,NA,NA,NA,NA,NA,NA,NA,NA,NA,NA,NA,NA,NA,NA,NA,0,0,0,0
"414","528_Fm2_m_Satellite","Lek4_2021_528_m","YO|OLB","Paired","Satellite","black/beige",NA,"Fm2","m",528,23,"6","2_Lek4_6","2_Lek4",0,0,0,0,5,83.3,0,0,0,0,0,0,0,0,0,0,0,0,0,0,0,0,0,0,NA,NA,NA,2,0,1,47,1042,27,18.14,37,629,19.16,13.51,37,629.186,19.16,13.51,NA,NA,NA,NA,NA,NA,NA,NA,1,1777.3,1777.3,NA,NA,NA,NA,0
"415","528_Fm2_m_Satellite","Lek4_2021_528_m","YO|OLB","Unpaired","Satellite","black/beige",NA,"Fm2","m",528,23,"6","2_Lek4_6","2_Lek4",0,0,0,0,1,16.7,0,0,0,0,0,0,0,0,0,0,0,0,0,0,0,0,0,0,0,0,0,NA,0,1,NA,NA,NA,NA,2,5,2.37,NA,1,3.993,3.99,NA,1,0.753,0.75,NA,NA,NA,NA,NA,NA,NA,NA,NA,0,0,0,0
"416","529_Fm1_a_Marginal","Lek1_2021_529_a","DbLb|RLb","Unpaired","Marginal","White/black",NA,"Fm1","a",529,24,"6","2_Lek1_6","2_Lek1",0,0,0,0,5,83.3,0,0,0,0,0,0,0,0,0,0,0,0,0,0,0,0,0,0,0,0,0,3,0,1,NA,NA,NA,NA,NA,NA,NA,NA,NA,NA,NA,NA,NA,NA,NA,NA,NA,NA,NA,NA,NA,NA,NA,NA,0,0,0,1
"417","529_Fm1_a_Marginal","Lek1_2021_529_a","GLb|GY","Unpaired","Marginal","brown black",NA,"Fm1","a",529,24,"6","2_Lek1_6","2_Lek1",1,3,1,202.504,5,83.3,2,2,0,0,0,0,4,0,1,4,2,7,2,12,11,4,1,1,4,4,1,2,149.2,2,NA,NA,NA,NA,31,1460,51.89,57.49,31,1459.92,51.89,57.49,NA,NA,NA,NA,NA,NA,NA,NA,NA,NA,NA,NA,0,0,0,1
"418","529_Fm1_a_Marginal","Lek1_2021_529_a","XO|XX","Unpaired","Marginal","black/grey/beige",NA,"Fm1","a",529,24,"6","2_Lek1_6","2_Lek1",0,0,0,0,1,16.7,0,0,0,0,0,0,0,0,0,0,0,0,0,0,0,0,0,0,0,0,0,1,0,3,NA,NA,NA,NA,NA,NA,NA,NA,NA,NA,NA,NA,NA,NA,NA,NA,NA,NA,NA,NA,NA,NA,NA,NA,0,0,0,1
"419","529_Fm1_m_Satellite","Lek2_2021_529_m","ODb|YG","Paired","Satellite","Black/w spots",NA,"Fm1","m",529,24,"6","2_Lek2_6","2_Lek2",0,0,0,0,0,0,0,0,0,0,0,0,0,0,0,0,0,0,0,0,0,0,0,0,NA,NA,NA,NA,0,1,17,524,16,27.94,41,1133,26.49,22.2,41,1132.769,26.49,22.2,NA,NA,NA,NA,NA,NA,NA,NA,1,1770.239,1770.24,NA,NA,NA,NA,0
"420","529_Fm1_m_Satellite","Lek2_2021_529_m","ODb|YG","Unpaired","Satellite","Black/w spots",NA,"Fm1","m",529,24,"6","2_Lek2_6","2_Lek2",0,0,0,0,6,100,0,0,0,0,0,0,0,0,0,0,0,0,0,0,0,0,0,0,0,0,0,3,0,1,NA,NA,NA,NA,2,26,12.78,NA,1,1.456,1.46,NA,1,24.099,24.1,NA,NA,NA,NA,NA,NA,NA,NA,NA,0,0,0,0
"421","529_Fm1_m_Satellite","Lek2_2021_529_m","RG|LbDb","Paired","Satellite","white",NA,"Fm1","m",529,24,"6","2_Lek2_6","2_Lek2",0,0,0,0,0,0,0,0,0,0,0,0,0,0,0,0,0,0,0,0,0,0,0,0,NA,NA,NA,NA,0,2,NA,NA,NA,NA,NA,NA,NA,NA,NA,NA,NA,NA,NA,NA,NA,NA,NA,NA,NA,NA,NA,NA,NA,NA,NA,NA,NA,0
"422","529_Fm1_m_Satellite","Lek2_2021_529_m","RG|LbDb","Unpaired","Satellite","white",NA,"Fm1","m",529,24,"6","2_Lek2_6","2_Lek2",0,0,0,0,2,33.3,0,0,0,0,0,0,0,0,0,0,0,0,0,0,0,0,0,0,0,0,0,1,0,2,NA,NA,NA,NA,NA,NA,NA,NA,NA,NA,NA,NA,NA,NA,NA,NA,NA,NA,NA,NA,NA,NA,NA,NA,0,0,0,0
"423","529_Fm1_m_Satellite","Lek2_2021_529_m","YO|OO","Paired","Satellite","Black",NA,"Fm1","m",529,24,"6","2_Lek2_6","2_Lek2",0,0,0,0,0,0,0,0,0,0,0,0,0,0,0,0,0,0,0,0,0,0,0,0,NA,NA,NA,NA,0,3,NA,NA,NA,NA,NA,NA,NA,NA,NA,NA,NA,NA,NA,NA,NA,NA,NA,NA,NA,NA,NA,NA,NA,NA,NA,NA,NA,0
"424","529_Fm1_m_Satellite","Lek2_2021_529_m","YO|OO","Unpaired","Satellite","Black",NA,"Fm1","m",529,24,"6","2_Lek2_6","2_Lek2",0,0,0,0,3,50,0,0,0,0,0,0,0,0,0,0,0,0,0,0,0,0,0,0,0,0,0,3,0,3,NA,NA,NA,NA,NA,NA,NA,NA,NA,NA,NA,NA,NA,NA,NA,NA,NA,NA,NA,NA,NA,NA,NA,NA,0,0,0,0
"425","529_Fm2_a_Satellite","Lek4_2021_529_a","DbLb|LbY","Paired","Satellite","black/red face",NA,"Fm2","a",529,24,"6","2_Lek4_6","2_Lek4",0,0,0,0,0,0,0,0,0,0,0,0,0,0,0,0,0,0,0,0,0,0,0,0,NA,NA,NA,NA,0,3,NA,NA,NA,NA,NA,NA,NA,NA,NA,NA,NA,NA,NA,NA,NA,NA,NA,NA,NA,NA,NA,NA,NA,NA,NA,NA,NA,1
"426","529_Fm2_a_Satellite","Lek4_2021_529_a","DbLb|LbY","Unpaired","Satellite","black/red face",NA,"Fm2","a",529,24,"6","2_Lek4_6","2_Lek4",0,0,0,0,5,83.3,0,0,0,0,0,0,0,0,0,0,0,0,0,0,0,0,0,0,0,0,0,2,0,3,NA,NA,NA,NA,NA,NA,NA,NA,NA,NA,NA,NA,NA,NA,NA,NA,NA,NA,NA,NA,NA,NA,NA,NA,0,0,0,1
"427","529_Fm2_a_Satellite","Lek4_2021_529_a","GO|LbY","Paired","Satellite","Grey Tiger",NA,"Fm2","a",529,24,"6","2_Lek4_6","2_Lek4",0,0,0,0,0,0,0,0,0,0,0,0,0,0,0,0,0,0,0,0,0,0,0,0,NA,NA,NA,NA,0,2,3,50,17,11.76,NA,NA,NA,NA,NA,NA,NA,NA,NA,NA,NA,NA,NA,NA,NA,NA,NA,NA,NA,NA,NA,NA,NA,1
"428","529_Fm2_a_Satellite","Lek4_2021_529_a","GO|LbY","Unpaired","Satellite","Grey Tiger",NA,"Fm2","a",529,24,"6","2_Lek4_6","2_Lek4",0,0,0,0,2,33.3,0,0,0,0,0,0,0,0,0,0,0,0,0,0,0,0,0,0,0,0,0,2,0,2,NA,NA,NA,NA,NA,NA,NA,NA,NA,NA,NA,NA,NA,NA,NA,NA,NA,NA,NA,NA,NA,NA,NA,NA,0,0,0,1
"429","529_Fm2_a_Satellite","Lek4_2021_529_a","YO|OLB","Paired","Satellite","black/beige",NA,"Fm2","a",529,24,"6","2_Lek4_6","2_Lek4",0,0,0,0,2,33.3,0,0,0,0,0,0,0,0,0,0,0,0,0,0,0,0,0,0,NA,NA,NA,2,0,1,50,1177,30,18.03,46,467,10.68,9.13,46,467.403,10.68,9.13,NA,NA,NA,NA,NA,NA,NA,NA,1,1698.373,1698.37,NA,NA,NA,NA,1
"430","529_Fm2_a_Satellite","Lek4_2021_529_a","YO|OLB","Unpaired","Satellite","black/beige",NA,"Fm2","a",529,24,"6","2_Lek4_6","2_Lek4",1,3,1,83.513,4,66.7,1,1,0,0,0,0,1,0,1,1,1,5,1,8,6,1,1,1,1,1,1,1,42.3,1,NA,NA,NA,NA,6,98,16.41,6.37,6,97.551,16.41,6.37,NA,NA,NA,NA,NA,NA,NA,NA,NA,NA,NA,NA,0,0,0,1
"431","529_Fm2_m_Marginal","Lek3_2021_529_m","DbLb|DbP","Unpaired","Marginal","black/beige",NA,"Fm2","m",529,24,"6","2_Lek3_6","2_Lek3",2,14,1,1069.864,6,100,2,2,0,0,0,0,2,0,1,2,2,2,2,42,4,2,1,1,2,2,1,3,359.3,1,NA,NA,NA,NA,137,1525,11.33,10.28,137,1524.861,11.33,10.28,NA,NA,NA,NA,NA,NA,NA,NA,NA,NA,NA,NA,0,0,0,1
"432","529_Fm2_m_Marginal","Lek3_2021_529_m","DbLb|OY","Unpaired","Marginal","Brown/white",NA,"Fm2","m",529,24,"6","2_Lek3_6","2_Lek3",2,9,1,254.187,6,100,2,2,0,0,0,0,5,0,1,5,1,3,2,12,8,5,1,1,5,5,1,3,106.5,3,NA,NA,NA,NA,NA,NA,NA,NA,NA,NA,NA,NA,NA,NA,NA,NA,NA,NA,NA,NA,NA,NA,NA,NA,0,0,0,1
"433","529_Fm2_m_Marginal","Lek3_2021_529_m","ODb|YDb","Unpaired","Marginal","Black/gray",NA,"Fm2","m",529,24,"6","2_Lek3_6","2_Lek3",0,0,0,0,5,83.3,0,0,0,0,0,0,0,0,0,0,0,0,0,0,0,0,0,0,0,0,0,3,0,2,NA,NA,NA,NA,91,1576,18.78,11.985,89,1538.243,18.84,18.27,2,37.434,18.72,5.7,NA,NA,NA,NA,NA,NA,NA,NA,0,0,0,1
"434","530_Fm1_a_Satellite","Lek1_2021_530_a","DbLb|LbY","Paired","Satellite","black/red face",NA,"Fm1","a",530,25,"7a","1_Lek1_7a","1_Lek1",0,0,0,0,3,50,0,0,0,0,0,0,0,0,0,0,0,0,0,0,0,0,0,0,NA,NA,NA,1,0,1,28,670,25,31.12,39,951,27.37,24.7,39,950.54,27.37,24.7,NA,NA,NA,NA,NA,NA,NA,NA,1,1661.803,1661.8,NA,NA,NA,NA,0
"435","530_Fm1_a_Satellite","Lek1_2021_530_a","DbLb|LbY","Unpaired","Satellite","black/red face",NA,"Fm1","a",530,25,"7a","1_Lek1_7a","1_Lek1",0,0,0,0,3,50,0,0,0,0,0,0,0,0,0,0,0,0,0,0,0,0,0,0,0,0,0,2,0,1,NA,NA,NA,NA,3,138,36.38,38.54,3,138.25,36.38,38.54,NA,NA,NA,NA,NA,NA,NA,NA,NA,NA,NA,NA,6,58.843,1,0
"436","530_Fm1_a_Satellite","Lek1_2021_530_a","RG|LbDb","Paired","Satellite","white",NA,"Fm1","a",530,25,"7a","1_Lek1_7a","1_Lek1",0,0,0,0,0,0,0,0,0,0,0,0,0,0,0,0,0,0,0,0,0,0,0,0,NA,NA,NA,NA,0,3,NA,NA,NA,NA,NA,NA,NA,NA,NA,NA,NA,NA,NA,NA,NA,NA,NA,NA,NA,NA,NA,NA,NA,NA,NA,NA,NA,0
"437","530_Fm1_a_Satellite","Lek1_2021_530_a","RG|LbDb","Unpaired","Satellite","white",NA,"Fm1","a",530,25,"7a","1_Lek1_7a","1_Lek1",0,0,0,0,0,0,0,0,0,0,0,0,0,0,0,0,0,0,0,0,0,0,0,0,0,0,0,NA,0,3,NA,NA,NA,NA,NA,NA,NA,NA,NA,NA,NA,NA,NA,NA,NA,NA,NA,NA,NA,NA,NA,NA,NA,NA,0,0,0,0
"438","530_Fm1_a_Satellite","Lek1_2021_530_a","XO|XX","Paired","Satellite","black/grey/beige",NA,"Fm1","a",530,25,"7a","1_Lek1_7a","1_Lek1",0,0,0,0,0,0,0,0,0,0,0,0,0,0,0,0,0,0,0,0,0,0,0,0,NA,NA,NA,NA,0,2,NA,NA,NA,NA,NA,NA,NA,NA,NA,NA,NA,NA,NA,NA,NA,NA,NA,NA,NA,NA,NA,NA,NA,NA,NA,NA,NA,0
"439","530_Fm1_a_Satellite","Lek1_2021_530_a","XO|XX","Unpaired","Satellite","black/grey/beige",NA,"Fm1","a",530,25,"7a","1_Lek1_7a","1_Lek1",0,0,0,0,0,0,0,0,0,0,0,0,0,0,0,0,0,0,0,0,0,0,0,0,0,0,0,NA,0,2,NA,NA,NA,NA,NA,NA,NA,NA,NA,NA,NA,NA,NA,NA,NA,NA,NA,NA,NA,NA,NA,NA,NA,NA,0,0,0,0
"440","530_Fm1_m_Satellite","Lek1_2021_530_m","DbLb|LbY","Paired","Satellite","black/red face",NA,"Fm1","m",530,25,"7m","1_Lek1_7m","1_Lek1",0,0,0,0,3,50,0,0,0,0,0,0,0,0,0,0,0,0,0,0,0,0,0,0,NA,NA,NA,1,0,1,21,790,38,40.47,21,894,42.58,44.9,21,894.209,42.58,44.9,NA,NA,NA,NA,NA,NA,NA,NA,1,1794.774,1794.77,NA,NA,NA,NA,0
"441","530_Fm1_m_Satellite","Lek1_2021_530_m","DbLb|LbY","Unpaired","Satellite","black/red face",NA,"Fm1","m",530,25,"7m","1_Lek1_7m","1_Lek1",0,0,0,0,3,50,0,0,0,0,0,0,0,0,0,0,0,0,0,0,0,0,0,0,0,0,0,2,0,1,NA,NA,NA,NA,1,6,6.26,NA,NA,NA,NA,NA,1,6.255,6.26,NA,NA,NA,NA,NA,NA,NA,NA,NA,0,0,0,0
"442","530_Fm1_m_Satellite","Lek1_2021_530_m","RG|LbDb","Paired","Satellite","white",NA,"Fm1","m",530,25,"7m","1_Lek1_7m","1_Lek1",0,0,0,0,0,0,0,0,0,0,0,0,0,0,0,0,0,0,0,0,0,0,0,0,NA,NA,NA,NA,0,3,NA,NA,NA,NA,NA,NA,NA,NA,NA,NA,NA,NA,NA,NA,NA,NA,NA,NA,NA,NA,NA,NA,NA,NA,NA,NA,NA,0
"443","530_Fm1_m_Satellite","Lek1_2021_530_m","RG|LbDb","Unpaired","Satellite","white",NA,"Fm1","m",530,25,"7m","1_Lek1_7m","1_Lek1",0,0,0,0,1,16.7,0,0,0,0,0,0,0,0,0,0,0,0,0,0,0,0,0,0,0,0,0,NA,0,3,NA,NA,NA,NA,NA,NA,NA,NA,NA,NA,NA,NA,NA,NA,NA,NA,NA,NA,NA,NA,NA,NA,NA,NA,0,0,0,0
"444","530_Fm1_m_Satellite","Lek1_2021_530_m","XO|XX","Paired","Satellite","black/grey/beige",NA,"Fm1","m",530,25,"7m","1_Lek1_7m","1_Lek1",0,0,0,0,0,0,0,0,0,0,0,0,0,0,0,0,0,0,0,0,0,0,0,0,NA,NA,NA,NA,0,2,NA,NA,NA,NA,NA,NA,NA,NA,NA,NA,NA,NA,NA,NA,NA,NA,NA,NA,NA,NA,NA,NA,NA,NA,NA,NA,NA,0
"445","530_Fm1_m_Satellite","Lek1_2021_530_m","XO|XX","Unpaired","Satellite","black/grey/beige",NA,"Fm1","m",530,25,"7m","1_Lek1_7m","1_Lek1",0,0,0,0,1,16.7,0,0,0,0,0,0,0,0,0,0,0,0,0,0,0,0,0,0,0,0,0,NA,0,2,NA,NA,NA,NA,NA,NA,NA,NA,NA,NA,NA,NA,NA,NA,NA,NA,NA,NA,NA,NA,NA,NA,NA,NA,0,0,0,0
"446","530_Fm2_a_Marginal","Lek3_2021_530_a","GLb|GY","Unpaired","Marginal","brown black",NA,"Fm2","a",530,25,"7a","1_Lek3_7a","1_Lek3",1,1,1,19.026,6,100,1,1,0,0,0,0,1,0,1,1,0,0,1,1,1,1,1,1,1,1,1,3,19,1,NA,NA,NA,NA,103,1736,16.92,19.74,103,1736.128,16.92,19.74,NA,NA,NA,NA,NA,NA,NA,NA,NA,NA,NA,NA,0,0,0,1
"447","530_Fm2_a_Marginal","Lek3_2021_530_a","GO|LbY","Unpaired","Marginal","Grey Tiger",NA,"Fm2","a",530,25,"7a","1_Lek3_7a","1_Lek3",0,0,0,0,2,33.3,0,0,0,0,0,0,0,0,0,0,0,0,0,0,0,0,0,0,0,0,0,NA,0,2,NA,NA,NA,NA,NA,NA,NA,NA,NA,NA,NA,NA,NA,NA,NA,NA,NA,NA,NA,NA,NA,NA,NA,NA,0,0,0,1
"448","530_Fm2_a_Marginal","Lek3_2021_530_a","YO|OO","Unpaired","Marginal","Black",NA,"Fm2","a",530,25,"7a","1_Lek3_7a","1_Lek3",0,0,0,0,0,0,0,0,0,0,0,0,0,0,0,0,0,0,0,0,0,0,0,0,0,0,0,NA,0,3,NA,NA,NA,NA,NA,NA,NA,NA,NA,NA,NA,NA,NA,NA,NA,NA,NA,NA,NA,NA,NA,NA,NA,NA,0,0,0,1
"449","530_Fm2_m_Marginal","Lek3_2021_530_m","GLb|GY","Unpaired","Marginal","brown black",NA,"Fm2","m",530,25,"7m","1_Lek3_7m","1_Lek3",1,10,1,238.833,6,100,1,1,0,0,0,0,6,0,1,6,0,0,1,9,6,6,1,1,6,6,1,3,39,2,NA,NA,NA,NA,64,1671,24.79,26.43,64,1670.769,24.79,26.43,NA,NA,NA,NA,NA,NA,NA,NA,NA,NA,NA,NA,0,0,0,1
"450","530_Fm2_m_Marginal","Lek3_2021_530_m","GO|LbY","Unpaired","Marginal","Grey Tiger",NA,"Fm2","m",530,25,"7m","1_Lek3_7m","1_Lek3",0,0,0,0,6,100,0,0,0,0,0,0,0,0,0,0,0,0,0,0,0,0,0,0,0,0,0,2,0,1,NA,NA,NA,NA,NA,NA,NA,NA,NA,NA,NA,NA,NA,NA,NA,NA,NA,NA,NA,NA,NA,NA,NA,NA,0,0,0,1
"451","530_Fm2_m_Marginal","Lek3_2021_530_m","YO|OO","Unpaired","Marginal","Black",NA,"Fm2","m",530,25,"7m","1_Lek3_7m","1_Lek3",0,0,0,0,1,16.7,0,0,0,0,0,0,0,0,0,0,0,0,0,0,0,0,0,0,0,0,0,1,0,3,NA,NA,NA,NA,NA,NA,NA,NA,NA,NA,NA,NA,NA,NA,NA,NA,NA,NA,NA,NA,NA,NA,NA,NA,0,0,0,1
"452","531_Fm1_a_Satellite","Lek1_2021_531_a","DbLb|LbY","Paired","Satellite","black/red face",NA,"Fm1","a",531,26,"7a","1_Lek1_7a","1_Lek1",1,4,1,1220.016,6,100,1,1,0,0,0,5,0,5,1,5,1,1,1,26,6,5,0,1,NA,NA,NA,3,761.5,1,72,1250,13,9.87,30,382,14.9,13.5,30,382.329,14.9,13.5,NA,NA,NA,NA,NA,NA,NA,NA,1,1799.692,1799.69,NA,NA,NA,NA,1
"453","531_Fm1_a_Satellite","Lek1_2021_531_a","DbLb|LbY","Unpaired","Satellite","black/red face",NA,"Fm1","a",531,26,"7a","1_Lek1_7a","1_Lek1",0,0,0,0,0,0,0,0,0,0,0,0,0,0,0,0,0,0,0,0,0,0,0,0,0,5,1,NA,0,1,NA,NA,NA,NA,NA,NA,NA,NA,NA,NA,NA,NA,NA,NA,NA,NA,NA,NA,NA,NA,NA,NA,NA,NA,2,29.181,1,1
"454","531_Fm1_a_Satellite","Lek1_2021_531_a","RG|LbDb","Paired","Satellite","white",NA,"Fm1","a",531,26,"7a","1_Lek1_7a","1_Lek1",0,0,0,0,0,0,0,0,0,0,0,0,0,0,0,0,0,0,0,0,0,0,0,0,NA,NA,NA,NA,0,2,NA,NA,NA,NA,NA,NA,NA,NA,NA,NA,NA,NA,NA,NA,NA,NA,NA,NA,NA,NA,NA,NA,NA,NA,NA,NA,NA,1
"455","531_Fm1_a_Satellite","Lek1_2021_531_a","RG|LbDb","Unpaired","Satellite","white",NA,"Fm1","a",531,26,"7a","1_Lek1_7a","1_Lek1",0,0,0,0,1,16.7,0,0,0,0,0,0,0,0,0,0,0,0,0,0,0,0,0,0,0,0,0,1,0,2,NA,NA,NA,NA,NA,NA,NA,NA,NA,NA,NA,NA,NA,NA,NA,NA,NA,NA,NA,NA,NA,NA,NA,NA,0,0,0,1
"456","531_Fm1_a_Satellite","Lek1_2021_531_a","XO|XX","Paired","Satellite","black/grey/beige",NA,"Fm1","a",531,26,"7a","1_Lek1_7a","1_Lek1",0,0,0,0,0,0,0,0,0,0,0,0,0,0,0,0,0,0,0,0,0,0,0,0,NA,NA,NA,NA,0,3,NA,NA,NA,NA,NA,NA,NA,NA,NA,NA,NA,NA,NA,NA,NA,NA,NA,NA,NA,NA,NA,NA,NA,NA,NA,NA,NA,1
"457","531_Fm1_a_Satellite","Lek1_2021_531_a","XO|XX","Unpaired","Satellite","black/grey/beige",NA,"Fm1","a",531,26,"7a","1_Lek1_7a","1_Lek1",0,0,0,0,2,33.3,0,0,0,0,0,0,0,0,0,0,0,0,0,0,0,0,0,0,0,0,0,1,0,3,NA,NA,NA,NA,NA,NA,NA,NA,NA,NA,NA,NA,NA,NA,NA,NA,NA,NA,NA,NA,NA,NA,NA,NA,0,0,0,1
"458","531_Fm1_m_Satellite","Lek1_2021_531_m","DbLb|LbY","Paired","Satellite","black/red face",NA,"Fm1","m",531,26,"7m","1_Lek1_7m","1_Lek1",0,0,0,0,2,33.3,0,0,0,0,0,0,0,0,0,0,0,0,0,0,0,0,0,0,NA,NA,NA,1,0,1,28,508,15,10.22,41,1174,26.01,24.34,41,1173.685,26.01,24.34,NA,NA,NA,NA,NA,NA,NA,NA,1,1800.366,1800.37,NA,NA,NA,NA,0
"459","531_Fm1_m_Satellite","Lek1_2021_531_m","DbLb|LbY","Unpaired","Satellite","black/red face",NA,"Fm1","m",531,26,"7m","1_Lek1_7m","1_Lek1",0,0,0,0,4,66.7,0,0,0,0,0,0,0,0,0,0,0,0,0,0,0,0,0,0,0,0,0,2,0,1,NA,NA,NA,NA,NA,NA,NA,NA,NA,NA,NA,NA,NA,NA,NA,NA,NA,NA,NA,NA,NA,NA,NA,NA,3,307.595,1,0
"460","531_Fm1_m_Satellite","Lek1_2021_531_m","RG|LbDb","Paired","Satellite","white",NA,"Fm1","m",531,26,"7m","1_Lek1_7m","1_Lek1",0,0,0,0,0,0,0,0,0,0,0,0,0,0,0,0,0,0,0,0,0,0,0,0,NA,NA,NA,NA,0,3,NA,NA,NA,NA,NA,NA,NA,NA,NA,NA,NA,NA,NA,NA,NA,NA,NA,NA,NA,NA,NA,NA,NA,NA,NA,NA,NA,0
"461","531_Fm1_m_Satellite","Lek1_2021_531_m","RG|LbDb","Unpaired","Satellite","white",NA,"Fm1","m",531,26,"7m","1_Lek1_7m","1_Lek1",0,0,0,0,0,0,0,0,0,0,0,0,0,0,0,0,0,0,0,0,0,0,0,0,0,0,0,NA,0,3,NA,NA,NA,NA,NA,NA,NA,NA,NA,NA,NA,NA,NA,NA,NA,NA,NA,NA,NA,NA,NA,NA,NA,NA,0,0,0,0
"462","531_Fm1_m_Satellite","Lek1_2021_531_m","XO|XX","Paired","Satellite","black/grey/beige",NA,"Fm1","m",531,26,"7m","1_Lek1_7m","1_Lek1",0,0,0,0,0,0,0,0,0,0,0,0,0,0,0,0,0,0,0,0,0,0,0,0,NA,NA,NA,NA,0,2,NA,NA,NA,NA,NA,NA,NA,NA,NA,NA,NA,NA,NA,NA,NA,NA,NA,NA,NA,NA,NA,NA,NA,NA,NA,NA,NA,0
"463","531_Fm1_m_Satellite","Lek1_2021_531_m","XO|XX","Unpaired","Satellite","black/grey/beige",NA,"Fm1","m",531,26,"7m","1_Lek1_7m","1_Lek1",0,0,0,0,1,16.7,0,0,0,0,0,0,0,0,0,0,0,0,0,0,0,0,0,0,0,0,0,NA,0,2,NA,NA,NA,NA,NA,NA,NA,NA,NA,NA,NA,NA,NA,NA,NA,NA,NA,NA,NA,NA,NA,NA,NA,NA,0,0,0,0
"464","531_Fm2_a_Marginal","Lek3_2021_531_a","BlW|PP","Unpaired","Marginal","Black",NA,"Fm2","a",531,26,"7a","1_Lek3_7a","1_Lek3",0,0,0,0,0,0,0,0,0,0,0,0,0,0,0,0,0,0,0,0,0,0,0,0,0,0,0,NA,0,3,NA,NA,NA,NA,NA,NA,NA,NA,NA,NA,NA,NA,NA,NA,NA,NA,NA,NA,NA,NA,NA,NA,NA,NA,0,0,0,0
"465","531_Fm2_a_Marginal","Lek3_2021_531_a","GLb|GY","Unpaired","Marginal","brown black",NA,"Fm2","a",531,26,"7a","1_Lek3_7a","1_Lek3",1,1,1,37.677,3,50,0,0,0,0,0,0,0,0,0,0,0,0,0,0,0,0,0,0,0,0,0,3,37.7,1,NA,NA,NA,NA,56,1641,29.73,21.44,56,1640.693,29.73,21.44,NA,NA,NA,NA,NA,NA,NA,NA,NA,NA,NA,NA,0,0,0,0
"466","531_Fm2_a_Marginal","Lek3_2021_531_a","GO|LbY","Unpaired","Marginal","Grey Tiger",NA,"Fm2","a",531,26,"7a","1_Lek3_7a","1_Lek3",0,0,0,0,2,33.3,0,0,0,0,0,0,0,0,0,0,0,0,0,0,0,0,0,0,0,0,0,1,0,2,NA,NA,NA,NA,NA,NA,NA,NA,NA,NA,NA,NA,NA,NA,NA,NA,NA,NA,NA,NA,NA,NA,NA,NA,0,0,0,0
"467","531_Fm2_m_Marginal","Lek3_2021_531_m","GLb|GY","Unpaired","Marginal","brown black",NA,"Fm2","m",531,26,"7m","1_Lek3_7m","1_Lek3",1,3,1,38.141,6,100,1,1,0,0,0,0,2,0,1,2,0,0,1,3,2,2,1,1,2,2,1,3,14.3,2,NA,NA,NA,NA,78,1514,19.69,23.2,78,1514.211,19.69,23.2,NA,NA,NA,NA,NA,NA,NA,NA,NA,NA,NA,NA,0,0,0,1
"468","531_Fm2_m_Marginal","Lek3_2021_531_m","GO|LbY","Unpaired","Marginal","Grey Tiger",NA,"Fm2","m",531,26,"7m","1_Lek3_7m","1_Lek3",0,0,0,0,0,0,0,0,0,0,0,0,0,0,0,0,0,0,0,0,0,0,0,0,0,0,0,NA,0,1,NA,NA,NA,NA,NA,NA,NA,NA,NA,NA,NA,NA,NA,NA,NA,NA,NA,NA,NA,NA,NA,NA,NA,NA,0,0,0,1
"469","531_Fm2_m_Marginal","Lek3_2021_531_m","YO|OO","Unpaired","Marginal","Black",NA,"Fm2","m",531,26,"7m","1_Lek3_7m","1_Lek3",0,0,0,0,0,0,0,0,0,0,0,0,0,0,0,0,0,0,0,0,0,0,0,0,0,0,0,NA,0,3,NA,NA,NA,NA,NA,NA,NA,NA,NA,NA,NA,NA,NA,NA,NA,NA,NA,NA,NA,NA,NA,NA,NA,NA,0,0,0,1
"470","601_Fm1_a_Satellite","Lek1_2021_601_a","DbLb|LbY","Paired","Satellite","black/red face",NA,"Fm1","a",601,27,"7a","1_Lek1_7a","1_Lek1",1,1,1,22.115,6,100,1,1,0,0,1,2,0,3,1,3,0,0,1,2,3,3,0,1,NA,NA,NA,3,22.1,1,46,1635,26,19.6,7,95,14.34,6.16,7,94.987,14.34,6.16,NA,NA,NA,NA,NA,NA,NA,NA,1,1800.039,1800.04,NA,NA,NA,NA,1
"471","601_Fm1_a_Satellite","Lek1_2021_601_a","DbLb|LbY","Unpaired","Satellite","black/red face",NA,"Fm1","a",601,27,"7a","1_Lek1_7a","1_Lek1",0,0,0,0,0,0,0,0,0,0,0,0,0,0,0,0,0,0,0,0,0,0,0,0,0,3,1,NA,0,1,NA,NA,NA,NA,NA,NA,NA,NA,NA,NA,NA,NA,NA,NA,NA,NA,NA,NA,NA,NA,NA,NA,NA,NA,4,356.162,1,1
"472","601_Fm1_a_Satellite","Lek1_2021_601_a","RG|LbDb","Paired","Satellite","white",NA,"Fm1","a",601,27,"7a","1_Lek1_7a","1_Lek1",0,0,0,0,0,0,0,0,0,0,0,0,0,0,0,0,0,0,0,0,0,0,0,0,NA,NA,NA,NA,0,3,NA,NA,NA,NA,NA,NA,NA,NA,NA,NA,NA,NA,NA,NA,NA,NA,NA,NA,NA,NA,NA,NA,NA,NA,NA,NA,NA,1
"473","601_Fm1_a_Satellite","Lek1_2021_601_a","RG|LbDb","Unpaired","Satellite","white",NA,"Fm1","a",601,27,"7a","1_Lek1_7a","1_Lek1",0,0,0,0,1,16.7,0,0,0,0,0,0,0,0,0,0,0,0,0,0,0,0,0,0,0,0,0,NA,0,3,NA,NA,NA,NA,NA,NA,NA,NA,NA,NA,NA,NA,NA,NA,NA,NA,NA,NA,NA,NA,NA,NA,NA,NA,0,0,0,1
"474","601_Fm1_a_Satellite","Lek1_2021_601_a","XO|XX","Paired","Satellite","black/grey/beige",NA,"Fm1","a",601,27,"7a","1_Lek1_7a","1_Lek1",0,0,0,0,0,0,0,0,0,0,0,0,0,0,0,0,0,0,0,0,0,0,0,0,NA,NA,NA,NA,0,2,NA,NA,NA,NA,NA,NA,NA,NA,NA,NA,NA,NA,NA,NA,NA,NA,NA,NA,NA,NA,NA,NA,NA,NA,NA,NA,NA,1
"475","601_Fm1_a_Satellite","Lek1_2021_601_a","XO|XX","Unpaired","Satellite","black/grey/beige",NA,"Fm1","a",601,27,"7a","1_Lek1_7a","1_Lek1",0,0,0,0,1,16.7,0,0,0,0,0,0,0,0,0,0,0,0,0,0,0,0,0,0,0,0,0,NA,0,2,NA,NA,NA,NA,NA,NA,NA,NA,NA,NA,NA,NA,NA,NA,NA,NA,NA,NA,NA,NA,NA,NA,NA,NA,0,0,0,1
"476","601_Fm1_m_Satellite","Lek1_2021_601_m","DbLb|LbY","Paired","Satellite","black/red face",NA,"Fm1","m",601,27,"7m","1_Lek1_7m","1_Lek1",1,4,1,67.777,6,100,0,0,0,0,0,0,0,0,0,0,0,0,0,0,0,0,0,0,NA,NA,NA,3,37.8,1,74,1676,21,20.04,11,50,3.54,3.32,10,46.783,4.33,3.32,1,2.748,2.75,NA,NA,NA,NA,NA,1,1797.955,1797.95,NA,NA,NA,NA,0
"477","601_Fm1_m_Satellite","Lek1_2021_601_m","DbLb|LbY","Unpaired","Satellite","black/red face",NA,"Fm1","m",601,27,"7m","1_Lek1_7m","1_Lek1",0,0,0,0,0,0,0,0,0,0,0,0,0,0,0,0,0,0,0,0,0,0,0,0,0,0,0,NA,0,1,NA,NA,NA,NA,1,2,2.41,NA,1,2.414,2.41,NA,NA,NA,NA,NA,NA,NA,NA,NA,NA,NA,NA,NA,10,847.985,1,0
"478","601_Fm1_m_Satellite","Lek1_2021_601_m","RG|LbDb","Paired","Satellite","white",NA,"Fm1","m",601,27,"7m","1_Lek1_7m","1_Lek1",0,0,0,0,0,0,0,0,0,0,0,0,0,0,0,0,0,0,0,0,0,0,0,0,NA,NA,NA,NA,0,2,NA,NA,NA,NA,NA,NA,NA,NA,NA,NA,NA,NA,NA,NA,NA,NA,NA,NA,NA,NA,NA,NA,NA,NA,NA,NA,NA,0
"479","601_Fm1_m_Satellite","Lek1_2021_601_m","RG|LbDb","Unpaired","Satellite","white",NA,"Fm1","m",601,27,"7m","1_Lek1_7m","1_Lek1",0,0,0,0,2,33.3,0,0,0,0,0,0,0,0,0,0,0,0,0,0,0,0,0,0,0,0,0,2,0,2,NA,NA,NA,NA,NA,NA,NA,NA,NA,NA,NA,NA,NA,NA,NA,NA,NA,NA,NA,NA,NA,NA,NA,NA,0,0,0,0
"480","601_Fm1_m_Satellite","Lek1_2021_601_m","XO|XX","Paired","Satellite","black/grey/beige",NA,"Fm1","m",601,27,"7m","1_Lek1_7m","1_Lek1",0,0,0,0,0,0,0,0,0,0,0,0,0,0,0,0,0,0,0,0,0,0,0,0,NA,NA,NA,NA,0,3,NA,NA,NA,NA,NA,NA,NA,NA,NA,NA,NA,NA,NA,NA,NA,NA,NA,NA,NA,NA,NA,NA,NA,NA,NA,NA,NA,0
"481","601_Fm1_m_Satellite","Lek1_2021_601_m","XO|XX","Unpaired","Satellite","black/grey/beige",NA,"Fm1","m",601,27,"7m","1_Lek1_7m","1_Lek1",0,0,0,0,1,16.7,0,0,0,0,0,0,0,0,0,0,0,0,0,0,0,0,0,0,0,0,0,NA,0,3,NA,NA,NA,NA,NA,NA,NA,NA,NA,NA,NA,NA,NA,NA,NA,NA,NA,NA,NA,NA,NA,NA,NA,NA,0,0,0,0
"482","601_Fm2_a_Marginal","Lek3_2021_601_a","BlW|PP","Unpaired","Marginal","black/white",NA,"Fm2","a",601,27,"7a","1_Lek3_7a","1_Lek3",0,0,0,0,2,33.3,0,0,0,0,0,0,0,0,0,0,0,0,0,0,0,0,0,0,0,0,0,2,0,3,NA,NA,NA,NA,NA,NA,NA,NA,NA,NA,NA,NA,NA,NA,NA,NA,NA,NA,NA,NA,NA,NA,NA,NA,0,0,0,1
"483","601_Fm2_a_Marginal","Lek3_2021_601_a","GLb|GY","Unpaired","Marginal","brown black",NA,"Fm2","a",601,27,"7a","1_Lek3_7a","1_Lek3",2,5,1,142.662,6,100,1,1,0,0,0,0,3,0,1,3,2,5,2,13,8,3,1,1,3,3,1,3,97.9,1,NA,NA,NA,NA,59,1738,29.25,34.59,59,1738.383,29.25,34.59,NA,NA,NA,NA,NA,NA,NA,NA,NA,NA,NA,NA,0,0,0,1
"484","601_Fm2_a_Marginal","Lek3_2021_601_a","GO|LbY","Unpaired","Marginal","Grey Tiger",NA,"Fm2","a",601,27,"7a","1_Lek3_7a","1_Lek3",0,0,0,0,6,100,0,0,0,0,0,0,0,0,0,0,0,0,0,0,0,0,0,0,0,0,0,3,0,2,NA,NA,NA,NA,NA,NA,NA,NA,NA,NA,NA,NA,NA,NA,NA,NA,NA,NA,NA,NA,NA,NA,NA,NA,0,0,0,1
"485","601_Fm2_m_Marginal","Lek3_2021_601_m","BlW|PP","Unpaired","Marginal","black/white",NA,"Fm2","m",601,27,"7m","1_Lek3_7m","1_Lek3",0,0,0,0,0,0,0,0,0,0,0,0,0,0,0,0,0,0,0,0,0,0,0,0,0,0,0,NA,0,3,NA,NA,NA,NA,NA,NA,NA,NA,NA,NA,NA,NA,NA,NA,NA,NA,NA,NA,NA,NA,NA,NA,NA,NA,0,0,0,1
"486","601_Fm2_m_Marginal","Lek3_2021_601_m","GLb|GY","Unpaired","Marginal","brown black",NA,"Fm2","m",601,27,"7m","1_Lek3_7m","1_Lek3",2,7,1,416.578,6,100,2,2,0,0,0,0,7,0,1,7,2,12,2,32,19,7,1,1,7,7,1,3,138,2,NA,NA,NA,NA,62,1705,27.56,33.34,62,1705.437,27.56,33.34,NA,NA,NA,NA,NA,NA,NA,NA,NA,NA,NA,NA,0,0,0,1
"487","601_Fm2_m_Marginal","Lek3_2021_601_m","GO|LbY","Unpaired","Marginal","Grey Tiger",NA,"Fm2","m",601,27,"7m","1_Lek3_7m","1_Lek3",0,0,0,0,5,83.3,0,0,0,0,0,0,0,0,0,0,0,0,0,0,0,0,0,0,0,0,0,2,0,1,NA,NA,NA,NA,NA,NA,NA,NA,NA,NA,NA,NA,NA,NA,NA,NA,NA,NA,NA,NA,NA,NA,NA,NA,0,0,0,1
"488","602_Fm1_a_Marginal","Lek1_2021_602_a","DbLb|LbY","Unpaired","Marginal","black/red face",NA,"Fm1","a",602,28,"7a","1_Lek1_7a","1_Lek1",2,7,1,220.278,6,100,2,2,1,0,0,0,8,1,1,9,1,1,2,10,10,9,1,1,8,9,1,3,42.8,1,NA,NA,NA,NA,47,1665,32.73,51,47,1664.609,32.73,51,NA,NA,NA,NA,NA,NA,NA,NA,NA,NA,NA,NA,0,0,0,1
"489","602_Fm1_a_Marginal","Lek1_2021_602_a","RG|LbDb","Unpaired","Marginal","white",NA,"Fm1","a",602,28,"7a","1_Lek1_7a","1_Lek1",0,0,0,0,2,33.3,0,0,0,0,0,0,0,0,0,0,0,0,0,0,0,0,0,0,0,0,0,1,0,3,NA,NA,NA,NA,NA,NA,NA,NA,NA,NA,NA,NA,NA,NA,NA,NA,NA,NA,NA,NA,NA,NA,NA,NA,0,0,0,1
"490","602_Fm1_a_Marginal","Lek1_2021_602_a","XO|XX","Unpaired","Marginal","black/grey/beige",NA,"Fm1","a",602,28,"7a","1_Lek1_7a","1_Lek1",0,0,0,0,0,0,0,0,0,0,0,0,0,0,0,0,0,0,0,0,0,0,0,0,0,0,0,NA,0,2,NA,NA,NA,NA,NA,NA,NA,NA,NA,NA,NA,NA,NA,NA,NA,NA,NA,NA,NA,NA,NA,NA,NA,NA,0,0,0,1
"491","602_Fm1_m_Marginal","Lek1_2021_602_m","DbLb|LbY","Unpaired","Marginal","black/red face",NA,"Fm1","m",602,28,"7m","1_Lek1_7m","1_Lek1",1,2,1,95.993,6,100,1,1,0,0,0,0,6,0,1,6,1,2,1,8,8,6,1,1,6,6,1,3,59.8,1,NA,NA,NA,NA,79,1555,19.77,17.19,79,1555.426,19.77,17.19,NA,NA,NA,NA,NA,NA,NA,NA,NA,NA,NA,NA,0,0,0,1
"492","602_Fm1_m_Marginal","Lek1_2021_602_m","RG|LbDb","Unpaired","Marginal","white",NA,"Fm1","m",602,28,"7m","1_Lek1_7m","1_Lek1",0,0,0,0,1,16.7,0,0,0,0,0,0,0,0,0,0,0,0,0,0,0,0,0,0,0,0,0,NA,0,2,NA,NA,NA,NA,NA,NA,NA,NA,NA,NA,NA,NA,NA,NA,NA,NA,NA,NA,NA,NA,NA,NA,NA,NA,0,0,0,1
"493","602_Fm1_m_Marginal","Lek1_2021_602_m","XO|XX","Unpaired","Marginal","black/grey/beige",NA,"Fm1","m",602,28,"7m","1_Lek1_7m","1_Lek1",0,0,0,0,0,0,0,0,0,0,0,0,0,0,0,0,0,0,0,0,0,0,0,0,0,0,0,NA,0,3,NA,NA,NA,NA,NA,NA,NA,NA,NA,NA,NA,NA,NA,NA,NA,NA,NA,NA,NA,NA,NA,NA,NA,NA,0,0,0,1
"494","602_Fm2_a_Satellite","Lek3_2021_602_a","BlW|PP","Paired","Satellite","black/white",NA,"Fm2","a",602,28,"7a","1_Lek3_7a","1_Lek3",0,0,0,0,0,0,0,0,0,0,0,0,0,0,0,0,0,0,0,0,0,0,0,0,NA,NA,NA,NA,0,3,NA,NA,NA,NA,NA,NA,NA,NA,NA,NA,NA,NA,NA,NA,NA,NA,NA,NA,NA,NA,NA,NA,NA,NA,NA,NA,NA,1
"495","602_Fm2_a_Satellite","Lek3_2021_602_a","BlW|PP","Unpaired","Satellite","black/white",NA,"Fm2","a",602,28,"7a","1_Lek3_7a","1_Lek3",0,0,0,0,1,16.7,0,0,0,0,0,0,0,0,0,0,0,0,0,0,0,0,0,0,0,0,0,1,0,3,NA,NA,NA,NA,NA,NA,NA,NA,NA,NA,NA,NA,NA,NA,NA,NA,NA,NA,NA,NA,NA,NA,NA,NA,0,0,0,1
"496","602_Fm2_a_Satellite","Lek3_2021_602_a","GLb|GY","Paired","Satellite","brown black",NA,"Fm2","a",602,28,"7a","1_Lek3_7a","1_Lek3",2,12,1,1200.354,6,100,1,1,0,0,0,1,1,1,1,2,1,1,2,38,3,2,1,1,NA,NA,NA,3,395.8,1,26,1542,59,42.78,5,172,34.35,47.2,5,171.745,34.35,47.2,NA,NA,NA,NA,NA,NA,NA,NA,1,1797.85,1797.85,NA,NA,NA,NA,1
"497","602_Fm2_a_Satellite","Lek3_2021_602_a","GLb|GY","Unpaired","Satellite","brown black",NA,"Fm2","a",602,28,"7a","1_Lek3_7a","1_Lek3",0,0,0,0,0,0,0,0,0,0,0,0,0,0,0,0,0,0,0,0,0,0,0,0,1,2,1,NA,0,1,NA,NA,NA,NA,1,3,2.75,NA,1,2.751,2.75,NA,NA,NA,NA,NA,NA,NA,NA,NA,NA,NA,NA,NA,7,106.748,1,1
"498","602_Fm2_a_Satellite","Lek3_2021_602_a","GO|LbY","Paired","Satellite","Grey Tiger",NA,"Fm2","a",602,28,"7a","1_Lek3_7a","1_Lek3",0,0,0,0,0,0,0,0,0,0,0,0,0,0,0,0,0,0,0,0,0,0,0,0,NA,NA,NA,NA,0,2,NA,NA,NA,NA,NA,NA,NA,NA,NA,NA,NA,NA,NA,NA,NA,NA,NA,NA,NA,NA,NA,NA,NA,NA,NA,NA,NA,1
"499","602_Fm2_a_Satellite","Lek3_2021_602_a","GO|LbY","Unpaired","Satellite","Grey Tiger",NA,"Fm2","a",602,28,"7a","1_Lek3_7a","1_Lek3",1,1,1,35.809,3,50,1,1,0,0,0,0,1,0,1,1,1,4,1,7,5,1,1,1,1,1,1,2,35.8,2,NA,NA,NA,NA,NA,NA,NA,NA,NA,NA,NA,NA,NA,NA,NA,NA,NA,NA,NA,NA,NA,NA,NA,NA,0,0,0,1
"500","602_Fm2_m_Satellite","Lek3_2021_602_m","BlW|PP","Paired","Satellite","black/white",NA,"Fm2","m",602,28,"7m","1_Lek3_7m","1_Lek3",0,0,0,0,0,0,0,0,0,0,0,0,0,0,0,0,0,0,0,0,0,0,0,0,NA,NA,NA,NA,0,3,NA,NA,NA,NA,NA,NA,NA,NA,NA,NA,NA,NA,NA,NA,NA,NA,NA,NA,NA,NA,NA,NA,NA,NA,NA,NA,NA,1
"501","602_Fm2_m_Satellite","Lek3_2021_602_m","BlW|PP","Unpaired","Satellite","black/white",NA,"Fm2","m",602,28,"7m","1_Lek3_7m","1_Lek3",0,0,0,0,0,0,0,0,0,0,0,0,0,0,0,0,0,0,0,0,0,0,0,0,0,0,0,NA,0,3,NA,NA,NA,NA,NA,NA,NA,NA,NA,NA,NA,NA,NA,NA,NA,NA,NA,NA,NA,NA,NA,NA,NA,NA,0,0,0,1
"502","602_Fm2_m_Satellite","Lek3_2021_602_m","GLb|GY","Paired","Satellite","brown black",NA,"Fm2","m",602,28,"7m","1_Lek3_7m","1_Lek3",2,6,1,349.44,6,100,1,1,0,0,0,0,1,0,1,1,0,0,1,7,1,1,1,1,NA,NA,NA,3,191.1,1,75,1665,31,15,14,65,3.9,3.5,14,65.497,3.9,3.5,NA,NA,NA,NA,NA,NA,NA,NA,1,1794.504,1794.5,NA,NA,NA,NA,1
"503","602_Fm2_m_Satellite","Lek3_2021_602_m","GLb|GY","Unpaired","Satellite","brown black",NA,"Fm2","m",602,28,"7m","1_Lek3_7m","1_Lek3",0,0,0,0,0,0,0,0,0,0,0,0,0,0,0,0,0,0,0,0,0,0,0,0,1,1,1,NA,0,1,NA,NA,NA,NA,1,5,5.5,NA,1,5.497,5.5,NA,NA,NA,NA,NA,NA,NA,NA,NA,NA,NA,NA,NA,1,1241.007,1,1
"504","602_Fm2_m_Satellite","Lek3_2021_602_m","GO|LbY","Paired","Satellite","Grey Tiger",NA,"Fm2","m",602,28,"7m","1_Lek3_7m","1_Lek3",0,0,0,0,0,0,0,0,0,0,0,0,0,0,0,0,0,0,0,0,0,0,0,0,NA,NA,NA,NA,0,2,NA,NA,NA,NA,NA,NA,NA,NA,NA,NA,NA,NA,NA,NA,NA,NA,NA,NA,NA,NA,NA,NA,NA,NA,NA,NA,NA,1
"505","602_Fm2_m_Satellite","Lek3_2021_602_m","GO|LbY","Unpaired","Satellite","Grey Tiger",NA,"Fm2","m",602,28,"7m","1_Lek3_7m","1_Lek3",0,0,0,0,2,33.3,0,0,0,0,0,0,0,0,0,0,0,0,0,0,0,0,0,0,0,0,0,1,0,2,NA,NA,NA,NA,NA,NA,NA,NA,NA,NA,NA,NA,NA,NA,NA,NA,NA,NA,NA,NA,NA,NA,NA,NA,0,0,0,1
"506","603_Fm1_a_Marginal","Lek1_2021_603_a","DbLb|LbY","Unpaired","Marginal","black/red face",NA,"Fm1","a",603,29,"7a","1_Lek1_7a","1_Lek1",1,3,1,75.176,5,83.3,1,1,0,0,0,0,4,0,1,4,0,0,1,1,4,4,1,1,4,4,1,2,49.9,1,NA,NA,NA,NA,103,1755,16.18,16.94,103,1755.196,16.18,16.94,NA,NA,NA,NA,NA,NA,NA,NA,NA,NA,NA,NA,0,0,0,1
"507","603_Fm1_a_Marginal","Lek1_2021_603_a","RG|LbDb","Unpaired","Marginal","white",NA,"Fm1","a",603,29,"7a","1_Lek1_7a","1_Lek1",0,0,0,0,0,0,0,0,0,0,0,0,0,0,0,0,0,0,0,0,0,0,0,0,0,0,0,NA,0,3,NA,NA,NA,NA,NA,NA,NA,NA,NA,NA,NA,NA,NA,NA,NA,NA,NA,NA,NA,NA,NA,NA,NA,NA,0,0,0,1
"508","603_Fm1_a_Marginal","Lek1_2021_603_a","XO|XX","Unpaired","Marginal","black/grey/beige",NA,"Fm1","a",603,29,"7a","1_Lek1_7a","1_Lek1",0,0,0,0,1,16.7,0,0,0,0,0,0,0,0,0,0,0,0,0,0,0,0,0,0,0,0,0,1,0,2,NA,NA,NA,NA,NA,NA,NA,NA,NA,NA,NA,NA,NA,NA,NA,NA,NA,NA,NA,NA,NA,NA,NA,NA,0,0,0,1
"509","603_Fm1_m_Marginal","Lek1_2021_603_m","DbLb|LbY","Unpaired","Marginal","black/black (red face)",NA,"Fm1","m",603,29,"7m","1_Lek1_7m","1_Lek1",1,5,1,85.115,6,100,2,2,0,0,0,0,4,0,1,4,2,2,2,7,6,4,1,1,4,4,1,3,24.4,1,NA,NA,NA,NA,65,1728,26.85,28.8,65,1728.419,26.85,28.8,NA,NA,NA,NA,NA,NA,NA,NA,NA,NA,NA,NA,0,0,0,1
"510","603_Fm1_m_Marginal","Lek1_2021_603_m","RG|LbDb","Unpaired","Marginal","white-grey/black",NA,"Fm1","m",603,29,"7m","1_Lek1_7m","1_Lek1",0,0,0,0,0,0,0,0,0,0,0,0,0,0,0,0,0,0,0,0,0,0,0,0,0,0,0,NA,0,2,NA,NA,NA,NA,NA,NA,NA,NA,NA,NA,NA,NA,NA,NA,NA,NA,NA,NA,NA,NA,NA,NA,NA,NA,0,0,0,1
"511","603_Fm1_m_Marginal","Lek1_2021_603_m","XO|XX","Unpaired","Marginal","grey tiger/grey",NA,"Fm1","m",603,29,"7m","1_Lek1_7m","1_Lek1",0,0,0,0,1,16.7,0,0,0,0,0,0,0,0,0,0,0,0,0,0,0,0,0,0,0,0,0,1,0,3,NA,NA,NA,NA,NA,NA,NA,NA,NA,NA,NA,NA,NA,NA,NA,NA,NA,NA,NA,NA,NA,NA,NA,NA,0,0,0,1
"512","603_Fm2_a_Satellite","Lek3_2021_603_a","BlW|PP","Paired","Satellite","black/white",NA,"Fm2","a",603,29,"7a","1_Lek3_7a","1_Lek3",0,0,0,0,0,0,0,0,0,0,0,0,0,0,0,0,0,0,0,0,0,0,0,0,NA,NA,NA,NA,0,3,NA,NA,NA,NA,NA,NA,NA,NA,NA,NA,NA,NA,NA,NA,NA,NA,NA,NA,NA,NA,NA,NA,NA,NA,NA,NA,NA,0
"513","603_Fm2_a_Satellite","Lek3_2021_603_a","BlW|PP","Unpaired","Satellite","black/white",NA,"Fm2","a",603,29,"7a","1_Lek3_7a","1_Lek3",0,0,0,0,0,0,0,0,0,0,0,0,0,0,0,0,0,0,0,0,0,0,0,0,0,0,0,NA,0,3,NA,NA,NA,NA,NA,NA,NA,NA,NA,NA,NA,NA,NA,NA,NA,NA,NA,NA,NA,NA,NA,NA,NA,NA,0,0,0,0
"514","603_Fm2_a_Satellite","Lek3_2021_603_a","GLb|GY","Paired","Satellite","brown black",NA,"Fm2","a",603,29,"7a","1_Lek3_7a","1_Lek3",1,2,1,20.523,6,100,0,0,0,0,0,0,0,0,0,0,0,0,1,1,0,0,0,0,NA,NA,NA,3,14.2,1,44,1524,36,31.57,23,263,10.76,5.51,23,263.187,10.76,5.51,NA,NA,NA,NA,NA,NA,NA,NA,1,1799.898,1799.9,NA,NA,NA,NA,0
"515","603_Fm2_a_Satellite","Lek3_2021_603_a","GLb|GY","Unpaired","Satellite","brown black",NA,"Fm2","a",603,29,"7a","1_Lek3_7a","1_Lek3",0,0,0,0,0,0,0,0,0,0,0,0,0,0,0,0,0,0,0,0,0,0,0,0,0,0,0,NA,0,1,NA,NA,NA,NA,NA,NA,NA,NA,NA,NA,NA,NA,NA,NA,NA,NA,NA,NA,NA,NA,NA,NA,NA,NA,0,0,0,0
"516","603_Fm2_a_Satellite","Lek3_2021_603_a","GO|LbY","Paired","Satellite","Grey Tiger",NA,"Fm2","a",603,29,"7a","1_Lek3_7a","1_Lek3",0,0,0,0,0,0,0,0,0,0,0,0,0,0,0,0,0,0,0,0,0,0,0,0,NA,NA,NA,NA,0,2,NA,NA,NA,NA,NA,NA,NA,NA,NA,NA,NA,NA,NA,NA,NA,NA,NA,NA,NA,NA,NA,NA,NA,NA,NA,NA,NA,0
"517","603_Fm2_a_Satellite","Lek3_2021_603_a","GO|LbY","Unpaired","Satellite","Grey Tiger",NA,"Fm2","a",603,29,"7a","1_Lek3_7a","1_Lek3",0,0,0,0,3,50,0,0,0,0,0,0,0,0,0,0,0,0,0,0,0,0,0,0,0,0,0,2,0,2,NA,NA,NA,NA,NA,NA,NA,NA,NA,NA,NA,NA,NA,NA,NA,NA,NA,NA,NA,NA,NA,NA,NA,NA,0,0,0,0
"518","603_Fm2_m_Satellite","Lek3_2021_603_m","BlW|PP","Paired","Satellite","black/white",NA,"Fm2","m",603,29,"7m","1_Lek3_7m","1_Lek3",0,0,0,0,0,0,0,0,0,0,0,0,0,0,0,0,0,0,0,0,0,0,0,0,NA,NA,NA,NA,0,2,NA,NA,NA,NA,NA,NA,NA,NA,NA,NA,NA,NA,NA,NA,NA,NA,NA,NA,NA,NA,NA,NA,NA,NA,NA,NA,NA,1
"519","603_Fm2_m_Satellite","Lek3_2021_603_m","BlW|PP","Unpaired","Satellite","black/white",NA,"Fm2","m",603,29,"7m","1_Lek3_7m","1_Lek3",0,0,0,0,1,16.7,0,0,0,0,0,0,0,0,0,0,0,0,0,0,0,0,0,0,0,0,0,1,0,2,NA,NA,NA,NA,NA,NA,NA,NA,NA,NA,NA,NA,NA,NA,NA,NA,NA,NA,NA,NA,NA,NA,NA,NA,0,0,0,1
"520","603_Fm2_m_Satellite","Lek3_2021_603_m","GLb|GY","Paired","Satellite","brown black",NA,"Fm2","m",603,29,"7m","1_Lek3_7m","1_Lek3",1,3,1,59.668,5,83.3,1,1,0,0,0,0,2,0,1,2,1,2,1,7,4,2,1,1,NA,NA,NA,3,24.4,1,73,1463,14,13.48,27,309,13.44,8.72,27,308.982,13.44,8.72,NA,NA,NA,NA,NA,NA,NA,NA,1,1794.762,1794.76,NA,NA,NA,NA,1
"521","603_Fm2_m_Satellite","Lek3_2021_603_m","GLb|GY","Unpaired","Satellite","brown black",NA,"Fm2","m",603,29,"7m","1_Lek3_7m","1_Lek3",0,0,0,0,1,16.7,0,0,0,0,0,0,0,0,0,0,0,0,0,0,0,0,0,0,2,2,1,NA,0,1,NA,NA,NA,NA,1,5,5,NA,1,5.001,5,NA,NA,NA,NA,NA,NA,NA,NA,NA,NA,NA,NA,NA,16,917.04,1,1
"522","603_Fm2_m_Satellite","Lek3_2021_603_m","GO|LbY","Paired","Satellite","Grey Tiger",NA,"Fm2","m",603,29,"7m","1_Lek3_7m","1_Lek3",0,0,0,0,0,0,0,0,0,0,0,0,0,0,0,0,0,0,0,0,0,0,0,0,NA,NA,NA,NA,0,3,NA,NA,NA,NA,NA,NA,NA,NA,NA,NA,NA,NA,NA,NA,NA,NA,NA,NA,NA,NA,NA,NA,NA,NA,NA,NA,NA,1
"523","603_Fm2_m_Satellite","Lek3_2021_603_m","GO|LbY","Unpaired","Satellite","Grey Tiger",NA,"Fm2","m",603,29,"7m","1_Lek3_7m","1_Lek3",0,0,0,0,1,16.7,0,0,0,0,0,0,0,0,0,0,0,0,0,0,0,0,0,0,0,0,0,1,0,3,NA,NA,NA,NA,NA,NA,NA,NA,NA,NA,NA,NA,NA,NA,NA,NA,NA,NA,NA,NA,NA,NA,NA,NA,0,0,0,1
"524","604_Fm1_a_Marginal","Lek1_2021_604_a","DbLb|LbY","Unpaired","Marginal","black/red face",NA,"Fm1","a",604,30,"7a","1_Lek1_7a","1_Lek1",1,10,1,231.36,6,100,2,2,0,0,0,0,11,0,1,11,2,3,2,17,14,11,1,1,11,11,1,3,94.5,1,NA,NA,NA,NA,57,1637,25.97,19.84,57,1636.853,25.97,19.84,NA,NA,NA,NA,NA,NA,NA,NA,NA,NA,NA,NA,0,0,0,1
"525","604_Fm1_a_Marginal","Lek1_2021_604_a","RG|LbDb","Unpaired","Marginal","white",NA,"Fm1","a",604,30,"7a","1_Lek1_7a","1_Lek1",0,0,0,0,4,66.7,0,0,0,0,0,0,0,0,0,0,0,0,0,0,0,0,0,0,0,0,0,2,0,3,NA,NA,NA,NA,NA,NA,NA,NA,NA,NA,NA,NA,NA,NA,NA,NA,NA,NA,NA,NA,NA,NA,NA,NA,0,0,0,1
"526","604_Fm1_a_Marginal","Lek1_2021_604_a","XO|XX","Unpaired","Marginal","black/grey/beige",NA,"Fm1","a",604,30,"7a","1_Lek1_7a","1_Lek1",0,0,0,0,1,16.7,0,0,0,0,0,0,0,0,0,0,0,0,0,0,0,0,0,0,0,0,0,NA,0,2,NA,NA,NA,NA,NA,NA,NA,NA,NA,NA,NA,NA,NA,NA,NA,NA,NA,NA,NA,NA,NA,NA,NA,NA,0,0,0,1
"527","604_Fm1_m_Marginal","Lek1_2021_604_m","DbLb|LbY","Unpaired","Marginal","black/red face",NA,"Fm1","m",604,30,"7m","1_Lek1_7m","1_Lek1",2,12,1,575.04,6,100,2,2,1,0,0,0,11,1,1,12,1,4,2,43,16,12,1,1,11,12,1,3,277.1,1,NA,NA,NA,NA,101,1616,16.52,17.1,101,1616.299,16.52,17.1,NA,NA,NA,NA,NA,NA,NA,NA,NA,NA,NA,NA,0,0,0,1
"528","604_Fm1_m_Marginal","Lek1_2021_604_m","RG|LbDb","Unpaired","Marginal","white",NA,"Fm1","m",604,30,"7m","1_Lek1_7m","1_Lek1",0,0,0,0,4,66.7,0,0,0,0,0,0,0,0,0,0,0,0,0,0,0,0,0,0,0,0,0,1,0,2,NA,NA,NA,NA,NA,NA,NA,NA,NA,NA,NA,NA,NA,NA,NA,NA,NA,NA,NA,NA,NA,NA,NA,NA,0,0,0,1
"529","604_Fm1_m_Marginal","Lek1_2021_604_m","XO|XX","Unpaired","Marginal","black/grey/beige",NA,"Fm1","m",604,30,"7m","1_Lek1_7m","1_Lek1",0,0,0,0,0,0,0,0,0,0,0,0,0,0,0,0,0,0,0,0,0,0,0,0,0,0,0,NA,0,3,NA,NA,NA,NA,NA,NA,NA,NA,NA,NA,NA,NA,NA,NA,NA,NA,NA,NA,NA,NA,NA,NA,NA,NA,0,0,0,1
"530","604_Fm2_a_Satellite","Lek3_2021_604_a","BlW|PP","Paired","Satellite","black/white",NA,"Fm2","a",604,30,"7a","1_Lek3_7a","1_Lek3",0,0,0,0,0,0,0,0,0,0,0,0,0,0,0,0,0,0,0,0,0,0,0,0,NA,NA,NA,NA,0,2,NA,NA,NA,NA,NA,NA,NA,NA,NA,NA,NA,NA,NA,NA,NA,NA,NA,NA,NA,NA,NA,NA,NA,NA,NA,NA,NA,0
"531","604_Fm2_a_Satellite","Lek3_2021_604_a","BlW|PP","Unpaired","Satellite","black/white",NA,"Fm2","a",604,30,"7a","1_Lek3_7a","1_Lek3",0,0,0,0,1,16.7,0,0,0,0,0,0,0,0,0,0,0,0,0,0,0,0,0,0,0,0,0,NA,0,2,NA,NA,NA,NA,NA,NA,NA,NA,NA,NA,NA,NA,NA,NA,NA,NA,NA,NA,NA,NA,NA,NA,NA,NA,0,0,0,0
"532","604_Fm2_a_Satellite","Lek3_2021_604_a","GLb|GY","Paired","Satellite","brown black",NA,"Fm2","a",604,30,"7a","1_Lek3_7a","1_Lek3",2,6,1,721.654,6,100,0,0,0,0,0,0,0,0,0,0,1,1,1,7,1,0,0,0,NA,NA,NA,3,294.3,1,50,1481,27,25.28,13,170,15.59,11.76,13,169.666,15.59,11.76,NA,NA,NA,NA,NA,NA,NA,NA,1,1799.244,1799.24,NA,NA,NA,NA,0
"533","604_Fm2_a_Satellite","Lek3_2021_604_a","GLb|GY","Unpaired","Satellite","brown black",NA,"Fm2","a",604,30,"7a","1_Lek3_7a","1_Lek3",0,0,0,0,0,0,0,0,0,0,0,0,0,0,0,0,0,0,0,0,0,0,0,0,0,0,0,NA,0,1,NA,NA,NA,NA,NA,NA,NA,NA,NA,NA,NA,NA,NA,NA,NA,NA,NA,NA,NA,NA,NA,NA,NA,NA,19,290.976,1,0
"534","604_Fm2_a_Satellite","Lek3_2021_604_a","GO|LbY","Paired","Satellite","Grey Tiger",NA,"Fm2","a",604,30,"7a","1_Lek3_7a","1_Lek3",0,0,0,0,0,0,0,0,0,0,0,0,0,0,0,0,0,0,0,0,0,0,0,0,NA,NA,NA,NA,0,3,NA,NA,NA,NA,NA,NA,NA,NA,NA,NA,NA,NA,NA,NA,NA,NA,NA,NA,NA,NA,NA,NA,NA,NA,NA,NA,NA,0
"535","604_Fm2_a_Satellite","Lek3_2021_604_a","GO|LbY","Unpaired","Satellite","Grey Tiger",NA,"Fm2","a",604,30,"7a","1_Lek3_7a","1_Lek3",0,0,0,0,4,66.7,0,0,0,0,0,0,0,0,0,0,0,0,0,0,0,0,0,0,0,0,0,1,0,3,NA,NA,NA,NA,NA,NA,NA,NA,NA,NA,NA,NA,NA,NA,NA,NA,NA,NA,NA,NA,NA,NA,NA,NA,0,0,0,0
"536","604_Fm2_m_Satellite","Lek3_2021_604_m","BlW|PP","Paired","Satellite","black/white",NA,"Fm2","m",604,30,"7m","1_Lek3_7m","1_Lek3",0,0,0,0,0,0,0,0,0,0,0,0,0,0,0,0,0,0,0,0,0,0,0,0,NA,NA,NA,NA,0,2,NA,NA,NA,NA,NA,NA,NA,NA,NA,NA,NA,NA,NA,NA,NA,NA,NA,NA,NA,NA,NA,NA,NA,NA,NA,NA,NA,0
"537","604_Fm2_m_Satellite","Lek3_2021_604_m","BlW|PP","Unpaired","Satellite","black/white",NA,"Fm2","m",604,30,"7m","1_Lek3_7m","1_Lek3",0,0,0,0,0,0,0,0,0,0,0,0,0,0,0,0,0,0,0,0,0,0,0,0,0,0,0,NA,0,2,NA,NA,NA,NA,NA,NA,NA,NA,NA,NA,NA,NA,NA,NA,NA,NA,NA,NA,NA,NA,NA,NA,NA,NA,0,0,0,0
"538","604_Fm2_m_Satellite","Lek3_2021_604_m","GLb|GY","Paired","Satellite","brown black",NA,"Fm2","m",604,30,"7m","1_Lek3_7m","1_Lek3",2,9,1,661.859,6,100,0,0,0,0,0,0,0,0,0,0,0,0,1,13,0,0,0,0,NA,NA,NA,3,237.5,1,69,1625,16,21.15,4,44,11.06,7.31,4,44.244,11.06,7.31,NA,NA,NA,NA,NA,NA,NA,NA,1,1793.192,1793.19,NA,NA,NA,NA,0
"539","604_Fm2_m_Satellite","Lek3_2021_604_m","GLb|GY","Unpaired","Satellite","brown black",NA,"Fm2","m",604,30,"7m","1_Lek3_7m","1_Lek3",0,0,0,0,0,0,0,0,0,0,0,0,0,0,0,0,0,0,0,0,0,0,0,0,0,0,0,NA,0,1,NA,NA,NA,NA,1,6,6,NA,NA,NA,NA,NA,NA,NA,NA,NA,1,5.999,6,NA,NA,NA,NA,NA,7,1789.265,1,0
"540","604_Fm2_m_Satellite","Lek3_2021_604_m","GO|LbY","Paired","Satellite","Grey Tiger",NA,"Fm2","m",604,30,"7m","1_Lek3_7m","1_Lek3",0,0,0,0,0,0,0,0,0,0,0,0,0,0,0,0,0,0,0,0,0,0,0,0,NA,NA,NA,NA,0,3,NA,NA,NA,NA,NA,NA,NA,NA,NA,NA,NA,NA,NA,NA,NA,NA,NA,NA,NA,NA,NA,NA,NA,NA,NA,NA,NA,0
"541","604_Fm2_m_Satellite","Lek3_2021_604_m","GO|LbY","Unpaired","Satellite","Grey Tiger",NA,"Fm2","m",604,30,"7m","1_Lek3_7m","1_Lek3",0,0,0,0,3,50,0,0,0,0,0,0,0,0,0,0,0,0,0,0,0,0,0,0,0,0,0,2,0,3,NA,NA,NA,NA,NA,NA,NA,NA,NA,NA,NA,NA,NA,NA,NA,NA,NA,NA,NA,NA,NA,NA,NA,NA,0,0,0,0
